Match,Result,Unret%,<=3 W%,RiP W%,SvImpact,1st: Unret%,<=3 W%,RiP W%,SvImpact,D Wide%,A Wide%,BP Wide%,2nd: Unret%,<=3 W%,RiP W%,2ndAgg

2025 Australian Open SF,L vs Zverev,27.8%,35.2%,53.8%,29.6%,45.2%,51.6%,41.2%,48.4%,58.3%,63.2%,100.0%,4.3%,13.0%,63.6%,-79
2025 Australian Open QF,W vs Alcaraz,27.2%,38.2%,47.9%,34.0%,29.1%,39.5%,47.5%,39.9%,53.8%,36.2%,62.5%,25.5%,38.3%,48.6%,12
2025 Australian Open R16,W vs Lehecka,40.2%,45.7%,59.6%,45.5%,51.9%,61.1%,61.5%,60.9%,52.4%,51.5%,100.0%,25.7%,25.7%,57.7%,40
2025 Australian Open R32,W vs Machac,34.2%,41.8%,60.4%,39.0%,41.2%,49.0%,66.7%,48.6%,47.8%,64.3%,50.0%,25.0%,33.3%,50.0%,118
2025 Australian Open R128,W vs Basavareddy,49.1%,52.8%,50.0%,51.7%,62.5%,65.3%,40.7%,66.4%,43.8%,50.0%,50.0%,23.3%,30.0%,60.9%,99
2025 Brisbane QF,L vs Opelka,37.0%,43.8%,51.1%,40.5%,41.5%,49.1%,51.6%,46.4%,42.9%,50.0%,20.0%,26.3%,31.6%,50.0%,-3
2025 Brisbane R16,W vs Monfils,32.7%,40.4%,61.8%,37.7%,41.2%,52.9%,60.0%,48.8%,55.6%,68.8%,100.0%,17.6%,17.6%,64.3%,5
2025 Brisbane R32,W vs Hijikata,40.4%,61.7%,64.3%,46.8%,48.4%,67.7%,62.5%,58.1%,42.9%,35.3%,-,25.0%,50.0%,66.7%,-79
2024 Shanghai F,L vs Sinner,37.9%,48.3%,52.8%,41.6%,52.6%,60.5%,50.0%,58.2%,41.2%,61.9%,100.0%,10.0%,25.0%,55.6%,-79
2024 Shanghai SF,W vs Fritz,26.8%,46.5%,63.5%,37.9%,34.0%,56.0%,66.7%,49.8%,65.4%,33.3%,-,9.5%,23.8%,57.9%,-79
2024 Shanghai QF,W vs Mensik,32.9%,40.2%,61.1%,39.6%,36.5%,46.2%,72.7%,47.1%,50.0%,36.7%,0.0%,27.6%,31.0%,42.9%,-29
2024 Shanghai R16,W vs Safiullin,39.2%,56.9%,60.0%,49.6%,54.5%,75.8%,73.3%,70.6%,47.1%,50.0%,0.0%,11.8%,23.5%,46.7%,4
2024 Shanghai R32,W vs Cobolli,25.0%,50.0%,82.1%,36.5%,25.0%,58.3%,77.8%,44.2%,75.0%,66.7%,-,28.6%,42.9%,90.0%,110
2024 US Open R32,L vs Popyrin,33.1%,40.8%,49.3%,39.8%,38.2%,50.0%,53.2%,49.6%,56.4%,54.1%,80.0%,35.0%,37.5%,42.3%,167
2024 US Open R64,W vs Djere,30.3%,39.3%,53.7%,36.3%,35.7%,52.4%,66.7%,48.3%,38.9%,33.3%,60.0%,30.8%,33.3%,40.7%,163
2024 US Open R128,W vs Albot,31.3%,42.2%,59.6%,36.9%,43.6%,64.1%,54.5%,55.4%,57.9%,40.0%,-,26.5%,29.4%,64.0%,107
2024 Paris Olympics F,W vs Alcaraz,30.1%,36.6%,60.3%,39.1%,37.7%,46.4%,65.1%,49.9%,55.2%,52.5%,37.5%,9.1%,9.1%,50.0%,-26
2024 Paris Olympics SF,W vs Musetti,16.4%,27.3%,57.8%,23.1%,16.7%,30.6%,56.7%,26.9%,64.3%,40.9%,50.0%,16.7%,22.2%,60.0%,1
2024 Paris Olympics QF,W vs Tsitsipas,28.7%,36.3%,48.2%,34.9%,31.6%,40.4%,48.7%,40.2%,28.6%,51.7%,75.0%,22.7%,27.3%,47.1%,-13
2024 Paris Olympics R16,W vs Koepfer,28.6%,42.9%,65.0%,35.4%,41.7%,52.8%,76.2%,52.2%,40.0%,42.9%,-,5.0%,25.0%,52.6%,-79
2024 Paris Olympics R32,W vs Nadal,27.1%,39.6%,58.8%,36.7%,31.0%,37.9%,70.0%,46.9%,33.3%,58.8%,-,22.2%,44.4%,42.9%,1
2024 Paris Olympics R64,W vs Ebden,33.3%,56.7%,75.0%,46.0%,38.9%,61.1%,72.7%,60.0%,54.5%,28.6%,-,25.0%,50.0%,77.8%,-79
2024 Wimbledon F,L vs Alcaraz,24.8%,38.6%,47.2%,35.2%,29.6%,49.3%,52.0%,44.5%,58.3%,48.6%,55.6%,15.4%,15.4%,36.4%,29
2024 Wimbledon SF,W vs Musetti,28.2%,40.8%,54.3%,36.5%,37.7%,52.2%,60.5%,50.1%,44.8%,45.0%,100.0%,10.0%,20.0%,44.4%,-21
2024 Wimbledon R16,W vs Rune,26.3%,43.8%,66.7%,36.1%,30.8%,51.9%,63.9%,46.0%,52.0%,44.4%,50.0%,19.2%,30.8%,71.4%,29
2024 Wimbledon R32,W vs Popyrin,47.8%,58.4%,64.3%,56.8%,56.4%,71.8%,73.5%,69.5%,51.4%,51.2%,100.0%,31.3%,31.3%,50.0%,51
2024 Wimbledon R128,W vs Kopriva,44.8%,62.1%,72.4%,56.6%,47.4%,73.7%,80.0%,65.3%,47.4%,42.1%,-,47.1%,47.1%,55.6%,80
2024 Roland Garros R16,W vs Cerundolo,20.2%,32.2%,54.2%,27.9%,27.6%,39.8%,57.3%,39.1%,53.7%,59.4%,41.7%,5.2%,17.2%,49.1%,-63
2024 Roland Garros R32,W vs Musetti,14.4%,26.6%,56.4%,24.1%,17.6%,34.1%,62.7%,32.4%,37.8%,50.0%,100.0%,8.7%,13.0%,45.2%,-26
2024 Roland Garros R64,W vs Carballes Baena,23.3%,42.5%,58.2%,33.8%,26.1%,54.3%,61.8%,42.8%,43.5%,56.5%,-,19.2%,23.1%,52.4%,-23
2024 Roland Garros R128,W vs Herbert,31.7%,46.3%,74.1%,39.8%,37.5%,48.2%,74.3%,49.3%,61.5%,60.0%,-,20.8%,45.8%,73.7%,37
2024 Geneva QF,W vs Griekspoor,39.6%,52.8%,61.3%,46.6%,47.4%,60.5%,75.0%,57.1%,66.7%,60.0%,20.0%,21.4%,35.7%,36.4%,22
2024 Rome R32,L vs Tabilo,30.8%,34.6%,45.2%,35.0%,33.3%,40.7%,55.6%,41.5%,44.4%,38.9%,0.0%,35.0%,35.0%,30.8%,190
2024 Rome R64,W vs Moutet,11.9%,28.6%,62.2%,23.1%,11.5%,38.5%,60.9%,29.6%,53.8%,61.5%,0.0%,12.5%,12.5%,64.3%,-79
2024 Monte Carlo SF,L vs Ruud,20.3%,36.7%,55.7%,29.9%,30.4%,47.8%,53.1%,47.0%,44.4%,53.6%,40.0%,6.5%,22.6%,58.6%,-51
2024 Monte Carlo QF,W vs De Minaur,20.3%,25.0%,54.0%,25.6%,23.8%,28.6%,53.1%,31.9%,55.0%,59.1%,66.7%,14.3%,19.0%,55.6%,-10
2024 Monte Carlo R16,W vs Musetti,22.4%,31.3%,54.0%,32.2%,28.3%,41.3%,54.5%,42.6%,52.6%,51.9%,100.0%,10.5%,10.5%,52.9%,-13
2024 Monte Carlo R32,W vs Safiullin,38.2%,58.8%,71.4%,47.4%,43.5%,65.2%,61.5%,57.0%,41.7%,45.5%,-,27.3%,45.5%,87.5%,-79
2024 Indian Wells R32,L vs Nardi,32.6%,44.2%,46.0%,37.9%,42.1%,59.6%,60.6%,50.9%,45.8%,54.5%,60.0%,18.9%,21.6%,30.0%,-39
2024 Indian Wells R64,W vs Vukic,38.2%,48.7%,59.5%,42.2%,54.3%,65.2%,61.9%,61.1%,54.2%,50.0%,0.0%,16.0%,28.0%,57.1%,29
2024 Australian Open SF,L vs Sinner,20.7%,29.3%,52.3%,25.8%,28.2%,37.2%,53.6%,35.8%,44.1%,38.6%,28.6%,5.9%,14.7%,50.0%,-60
2024 Australian Open QF,W vs Fritz,40.0%,53.9%,57.6%,46.9%,51.4%,66.7%,62.9%,62.4%,48.3%,39.5%,33.3%,22.5%,35.0%,51.6%,27
2024 Australian Open R16,W vs Mannarino,42.0%,52.2%,65.7%,47.4%,54.2%,64.6%,59.1%,61.9%,60.0%,42.9%,0.0%,18.8%,31.3%,76.9%,39
2024 Australian Open R64,W vs Popyrin,34.5%,41.2%,59.0%,40.5%,41.1%,49.3%,69.8%,51.0%,39.5%,60.0%,100.0%,23.9%,28.3%,45.7%,-79
2024 Australian Open R128,W vs Prizmic,30.2%,39.5%,49.4%,36.0%,36.4%,48.1%,46.9%,46.1%,42.9%,45.2%,66.7%,21.6%,27.5%,52.5%,-50
2024 United Cup QF,L vs De Minaur,26.5%,38.2%,46.9%,35.1%,37.2%,53.5%,51.9%,50.9%,47.6%,45.5%,100.0%,8.3%,12.5%,40.9%,-30
2024 United Cup RR,W vs Lehecka,25.0%,36.3%,60.3%,31.6%,28.6%,42.9%,62.9%,39.4%,50.0%,51.9%,100.0%,20.7%,27.6%,56.5%,19
2024 United Cup RR,W vs Zhang,32.6%,50.0%,70.0%,40.7%,42.9%,60.7%,75.0%,56.1%,36.4%,47.1%,-,17.6%,35.3%,64.3%,5
2023 Davis Cup RR,L vs Sinner,31.2%,44.2%,55.8%,37.8%,36.2%,55.3%,63.3%,47.0%,52.2%,45.8%,100.0%,24.1%,27.6%,45.5%,-29
2023 Tour Finals F,W vs Sinner,54.3%,60.9%,61.9%,60.2%,65.6%,75.0%,72.7%,74.1%,58.8%,46.7%,0.0%,28.6%,28.6%,50.0%,-79
2023 Tour Finals SF,W vs Alcaraz,34.5%,47.3%,60.0%,43.1%,43.2%,62.2%,66.7%,55.9%,40.0%,50.0%,100.0%,17.6%,17.6%,50.0%,5
2023 Tour Finals RR,W vs Hurkacz,27.2%,40.7%,65.5%,36.3%,33.3%,52.9%,61.8%,47.8%,68.2%,65.5%,-,17.2%,20.7%,70.8%,-29
2023 Tour Finals RR,L vs Sinner,44.0%,59.0%,52.7%,50.8%,57.1%,73.0%,55.6%,67.9%,53.8%,45.9%,0.0%,22.2%,36.1%,50.0%,-38
2023 Tour Finals RR,W vs Rune,36.1%,49.1%,46.2%,43.2%,44.6%,62.2%,53.7%,55.0%,48.6%,51.3%,100.0%,20.0%,23.3%,33.3%,76
2023 Paris F,W vs Dimitrov,45.8%,50.0%,60.0%,49.2%,53.1%,59.4%,60.0%,58.1%,50.0%,28.6%,-,33.3%,33.3%,60.0%,16
2023 Paris SF,W vs Rublev,42.4%,49.2%,49.2%,46.9%,51.9%,59.5%,44.7%,58.7%,60.0%,46.9%,25.0%,26.5%,32.4%,56.0%,115
2023 Paris QF,W vs Rune,36.3%,49.5%,63.0%,42.1%,51.1%,66.0%,65.2%,62.3%,47.8%,45.8%,100.0%,22.5%,35.0%,61.3%,59
2023 Paris R32,W vs Etcheverry,28.8%,42.3%,67.6%,36.9%,43.8%,62.5%,66.7%,56.9%,53.3%,58.8%,-,5.9%,11.8%,68.8%,-63
2023 US Open F,W vs Medvedev,18.3%,33.0%,66.3%,30.7%,26.7%,51.7%,75.0%,49.2%,51.9%,30.3%,50.0%,9.3%,11.6%,56.4%,-28
2023 US Open SF,W vs Shelton,24.2%,35.4%,59.7%,32.8%,27.9%,44.1%,75.5%,40.4%,58.6%,41.0%,50.0%,17.9%,17.9%,26.1%,59
2023 US Open QF,W vs Fritz,21.3%,33.0%,58.0%,29.1%,23.2%,41.1%,60.5%,36.4%,41.4%,37.0%,50.0%,21.2%,24.2%,53.8%,85
2023 US Open R16,W vs Gojo,44.7%,53.9%,61.5%,49.5%,56.9%,68.6%,72.7%,63.9%,60.7%,43.5%,-,22.7%,27.3%,47.1%,102
2023 US Open R32,W vs Djere,34.6%,45.7%,57.1%,41.7%,43.2%,59.3%,63.0%,54.2%,52.3%,51.4%,33.3%,22.5%,25.0%,48.4%,59
2023 US Open R64,W vs Zapata Miralles,25.0%,41.7%,66.7%,34.4%,31.0%,54.8%,65.5%,47.1%,45.5%,65.0%,-,16.7%,23.3%,68.0%,-79
2023 US Open R128,W vs Muller,30.0%,41.7%,67.6%,37.2%,36.4%,51.5%,76.2%,49.4%,46.2%,65.0%,-,27.3%,36.4%,56.3%,126
2023 Cincinnati F,W vs Alcaraz,32.8%,43.8%,51.9%,36.6%,41.1%,49.3%,44.2%,47.7%,59.3%,30.4%,0.0%,24.0%,40.0%,60.5%,59
2023 Cincinnati SF,W vs Zverev,36.3%,46.3%,58.3%,43.0%,41.2%,52.9%,66.7%,51.8%,42.1%,43.8%,50.0%,30.8%,38.5%,44.4%,78
2023 Cincinnati QF,W vs Fritz,37.5%,50.0%,71.4%,45.2%,42.3%,61.5%,66.7%,54.2%,35.7%,50.0%,0.0%,40.0%,40.0%,83.3%,196
2023 Cincinnati R16,W vs Monfils,34.8%,41.3%,66.7%,37.2%,37.0%,40.7%,70.6%,41.1%,64.3%,38.5%,-,37.5%,50.0%,60.0%,160
2023 Wimbledon F,L vs Alcaraz,23.4%,34.2%,48.6%,30.2%,25.4%,36.4%,48.9%,36.0%,48.2%,41.9%,28.6%,20.6%,31.7%,48.0%,-10
2023 Wimbledon SF,W vs Sinner,29.5%,35.7%,56.4%,34.9%,40.0%,47.7%,59.0%,49.4%,48.5%,46.9%,33.3%,15.2%,19.6%,53.8%,-79
2023 Wimbledon R16,W vs Hurkacz,49.6%,63.2%,65.0%,57.4%,57.3%,75.3%,73.7%,68.3%,43.2%,48.1%,-,33.3%,36.4%,50.0%,47
2023 Roland Garros F,W vs Ruud,25.7%,43.6%,67.6%,37.8%,29.7%,51.4%,71.2%,46.2%,30.0%,54.5%,75.0%,15.4%,23.1%,59.1%,-23
2023 Roland Garros SF,W vs Alcaraz,27.2%,37.6%,51.1%,33.0%,31.8%,45.5%,58.3%,40.0%,54.5%,54.5%,66.7%,17.6%,20.6%,35.7%,44
2023 Roland Garros QF,W vs Khachanov,24.4%,38.2%,63.4%,30.9%,30.4%,44.3%,65.5%,41.1%,52.5%,53.8%,28.6%,17.4%,32.6%,60.5%,51
2023 Roland Garros R16,W vs Varillas,24.3%,47.1%,70.0%,40.1%,30.4%,57.1%,76.9%,50.2%,40.9%,47.1%,0.0%,0.0%,9.1%,45.5%,-118
2023 Roland Garros R32,W vs Davidovich Fokina,14.9%,19.3%,48.8%,19.2%,18.3%,25.4%,55.2%,25.2%,53.8%,48.9%,20.0%,14.3%,14.3%,33.3%,11
2023 Roland Garros R64,W vs Fucsovics,20.2%,40.4%,53.3%,29.8%,25.0%,45.3%,50.0%,39.8%,53.6%,38.9%,60.0%,12.9%,35.5%,59.3%,8
2023 Rome QF,L vs Rune,27.3%,36.4%,41.5%,33.6%,34.7%,44.9%,40.6%,44.7%,50.0%,56.5%,66.7%,16.0%,24.0%,42.9%,39
2023 Rome R64,W vs Etcheverry,12.3%,40.4%,70.0%,28.9%,14.3%,45.2%,75.0%,36.9%,47.4%,52.2%,-,6.7%,26.7%,57.1%,-79
2023 Banja Luka QF,L vs Lajovic,14.1%,22.4%,54.9%,18.4%,16.9%,27.1%,55.1%,23.1%,50.0%,51.6%,100.0%,8.3%,12.5%,54.5%,-33
2023 Monte Carlo R16,L vs Musetti,6.4%,23.4%,51.9%,17.7%,8.1%,30.6%,54.4%,25.2%,50.0%,66.7%,66.7%,4.0%,12.0%,45.8%,-82
2023 Dubai SF,L vs Medvedev,27.4%,43.5%,51.2%,39.4%,31.0%,54.8%,51.7%,48.6%,47.8%,73.7%,100.0%,22.2%,22.2%,50.0%,1
2023 Dubai QF,W vs Hurkacz,32.7%,43.6%,74.3%,40.5%,35.1%,48.6%,70.8%,46.8%,52.6%,55.6%,-,31.3%,37.5%,81.8%,89
2023 Dubai R16,W vs Griekspoor,48.8%,60.5%,68.4%,56.0%,63.6%,86.4%,75.0%,77.7%,44.4%,46.2%,-,38.9%,38.9%,63.6%,137
2023 Dubai R32,W vs Machac,32.0%,44.0%,55.0%,39.3%,35.0%,53.3%,56.4%,47.2%,55.2%,54.8%,20.0%,34.4%,37.5%,52.4%,184
2023 Australian Open F,W vs Tsitsipas,25.0%,36.0%,69.4%,32.6%,36.4%,48.5%,71.4%,47.9%,43.5%,60.5%,100.0%,3.2%,12.9%,66.7%,-86
2023 Australian Open SF,W vs Paul,30.8%,40.7%,56.9%,37.4%,43.4%,54.7%,56.7%,54.7%,60.0%,50.0%,75.0%,15.2%,24.2%,57.1%,27
2023 Australian Open QF,W vs Rublev,45.5%,50.0%,48.8%,48.4%,57.1%,64.3%,54.2%,61.8%,60.0%,54.8%,50.0%,29.6%,29.6%,42.1%,157
2023 Australian Open R16,W vs De Minaur,29.4%,39.7%,64.4%,36.6%,40.9%,52.3%,57.7%,52.0%,68.8%,50.0%,-,9.5%,19.0%,73.7%,-26
2023 Australian Open R32,W vs Dimitrov,27.7%,39.3%,53.2%,34.6%,32.1%,48.1%,61.8%,41.6%,48.4%,36.0%,0.0%,17.2%,17.2%,33.3%,19
2023 Australian Open R64,W vs Couacaud,31.1%,41.5%,67.2%,39.8%,40.6%,56.3%,73.7%,55.0%,51.9%,51.4%,100.0%,19.4%,22.2%,58.6%,65
2023 Australian Open R128,W vs Carballes Baena,37.1%,52.9%,67.4%,44.4%,46.7%,66.7%,75.0%,58.0%,69.6%,68.2%,0.0%,20.8%,29.2%,57.9%,-19
2023 Adelaide 1 F,W vs Korda,33.3%,46.5%,72.6%,41.7%,37.1%,58.1%,76.9%,50.5%,54.5%,50.0%,-,30.3%,30.3%,65.2%,85
2023 Adelaide 1 SF,W vs Medvedev,39.3%,49.2%,61.8%,43.4%,62.9%,77.1%,69.2%,70.0%,53.3%,40.0%,0.0%,8.7%,13.0%,57.1%,-33
2023 Adelaide 1 R16,W vs Halys,27.6%,48.7%,72.5%,39.9%,36.0%,66.0%,81.3%,54.6%,36.8%,48.4%,-,13.6%,18.2%,57.9%,9
2022 Tour Finals F,W vs Ruud,36.4%,47.3%,68.6%,42.9%,43.6%,59.0%,72.7%,52.8%,64.3%,56.0%,-,18.8%,18.8%,61.5%,-79
2022 Tour Finals SF,W vs Fritz,40.8%,47.4%,52.3%,45.9%,49.1%,54.7%,51.9%,56.4%,65.2%,50.0%,-,22.7%,31.8%,52.9%,-13
2022 Tour Finals RR,W vs Rublev,55.8%,69.8%,63.2%,65.6%,62.9%,80.0%,84.6%,74.9%,57.1%,47.6%,-,25.0%,25.0%,16.7%,-79
2022 Tour Finals RR,W vs Medvedev,28.2%,45.0%,57.1%,38.7%,37.6%,60.0%,66.0%,53.8%,69.2%,50.0%,20.0%,11.6%,18.6%,44.7%,2
2022 Tour Finals RR,W vs Tsitsipas,30.2%,44.4%,73.8%,40.3%,34.1%,52.3%,72.4%,48.6%,40.0%,62.5%,-,23.5%,29.4%,76.9%,80
2022 Paris F,L vs Rune,32.5%,50.0%,57.7%,43.6%,39.2%,64.7%,71.0%,56.7%,54.2%,51.9%,100.0%,22.2%,25.9%,38.1%,25
2022 Paris SF,W vs Tsitsipas,35.9%,52.6%,66.7%,45.3%,42.0%,64.0%,69.0%,56.6%,42.9%,44.8%,50.0%,26.9%,34.6%,63.2%,-79
2022 Paris R32,W vs Cressy,40.7%,55.6%,86.7%,51.7%,42.1%,60.5%,86.4%,57.6%,55.6%,70.0%,-,42.9%,50.0%,87.5%,110
2022 Astana F,W vs Tsitsipas,27.1%,43.8%,79.4%,40.6%,29.7%,48.6%,80.8%,47.3%,56.3%,52.4%,-,20.0%,30.0%,75.0%,-79
2022 Astana SF,W vs Medvedev,14.9%,32.8%,57.9%,26.6%,23.8%,52.4%,68.8%,42.4%,69.2%,48.3%,0.0%,0.0%,0.0%,44.0%,-118
2022 Astana R16,W vs Van De Zandschulp,19.6%,35.3%,65.9%,31.0%,20.0%,40.0%,75.0%,34.5%,60.0%,30.0%,50.0%,18.2%,18.2%,33.3%,-79
2022 Tel Aviv F,W vs Cilic,40.4%,50.9%,63.3%,43.0%,63.9%,72.2%,69.2%,68.1%,38.9%,44.4%,0.0%,0.0%,17.6%,58.8%,-118
2022 Tel Aviv SF,W vs Safiullin,40.6%,46.9%,52.8%,44.7%,55.8%,65.1%,63.2%,61.9%,57.1%,63.6%,50.0%,10.5%,10.5%,41.2%,-13
2022 Laver Cup RR,L vs Auger Aliassime,21.2%,28.8%,47.9%,27.0%,25.5%,34.0%,54.3%,33.6%,37.5%,43.5%,50.0%,13.3%,20.0%,30.8%,-2
2022 Wimbledon F,W vs Kyrgios,35.3%,45.4%,67.1%,38.7%,45.3%,54.7%,68.3%,50.8%,45.5%,45.2%,0.0%,21.6%,35.1%,65.5%,82
2022 Wimbledon SF,W vs Norrie,37.5%,45.5%,59.3%,42.5%,50.9%,57.9%,64.3%,58.6%,50.0%,41.4%,100.0%,13.3%,23.3%,53.8%,-30
2022 Wimbledon QF,W vs Sinner,34.4%,47.7%,55.7%,41.0%,47.1%,60.0%,66.7%,57.1%,45.2%,48.8%,50.0%,10.5%,26.3%,41.2%,-16
2022 Wimbledon R16,W vs Van Rijthoven,33.0%,43.3%,61.9%,39.2%,41.0%,50.8%,58.3%,50.8%,42.3%,48.6%,25.0%,20.6%,32.4%,66.7%,5
2022 Roland Garros QF,L vs Nadal,10.7%,25.7%,53.7%,19.3%,14.1%,32.3%,56.5%,26.3%,54.5%,43.6%,33.3%,2.7%,10.8%,47.2%,-91
2022 Rome F,W vs Tsitsipas,30.2%,41.5%,63.9%,38.3%,40.5%,54.1%,68.2%,52.2%,64.3%,30.4%,100.0%,6.7%,13.3%,57.1%,-49
2022 Rome SF,W vs Ruud,7.8%,15.7%,67.4%,15.3%,9.1%,21.2%,66.7%,20.6%,50.0%,19.0%,0.0%,5.9%,5.9%,68.8%,-57
2022 Rome QF,W vs Auger Aliassime,26.7%,40.0%,60.0%,35.9%,29.8%,45.6%,62.5%,41.9%,50.0%,35.5%,33.3%,16.7%,22.2%,53.3%,-79
2022 Rome R16,W vs Wawrinka,31.3%,37.5%,54.5%,36.9%,33.3%,41.7%,62.5%,40.8%,40.0%,57.1%,0.0%,25.0%,25.0%,33.3%,-79
2022 Rome R32,W vs Karatsev,23.5%,31.4%,64.9%,27.8%,28.0%,36.0%,66.7%,36.8%,60.0%,66.7%,-,20.8%,29.2%,63.2%,37
2022 Madrid SF,L vs Alcaraz,31.8%,38.8%,51.2%,36.7%,34.1%,37.6%,48.2%,41.5%,43.2%,45.8%,57.1%,28.6%,42.9%,56.7%,-10
2022 Madrid QF,W vs Hurkacz,29.1%,43.6%,68.4%,38.7%,38.9%,58.3%,68.2%,53.6%,33.3%,57.1%,-,11.1%,16.7%,68.8%,-2
2022 Madrid R32,W vs Monfils,17.6%,23.5%,60.4%,23.2%,23.3%,32.6%,60.6%,32.1%,57.1%,31.8%,25.0%,9.1%,9.1%,60.0%,-30
2022 Belgrade  F,L vs Rublev,25.3%,33.0%,38.1%,30.5%,33.3%,43.9%,36.8%,41.8%,57.7%,45.2%,50.0%,13.8%,17.2%,40.0%,11
2022 Monte Carlo R32,L vs Davidovich Fokina,12.8%,20.8%,44.2%,19.3%,14.5%,26.3%,47.7%,25.1%,26.5%,52.4%,41.7%,11.4%,13.6%,38.5%,-6
2021 Tour Finals SF,L vs Zverev,43.5%,54.3%,49.0%,49.8%,60.7%,73.8%,62.5%,70.2%,48.3%,46.9%,50.0%,10.0%,16.7%,37.0%,-30
2021 Tour Finals RR,W vs Ruud,52.8%,60.4%,52.0%,57.7%,61.5%,71.8%,73.3%,68.2%,55.0%,52.6%,-,28.6%,28.6%,20.0%,-79
2021 Tour Finals RR,W vs Rublev,54.2%,54.2%,36.4%,54.2%,77.4%,77.4%,42.9%,77.4%,61.5%,66.7%,-,11.8%,11.8%,33.3%,-79
2021 Paris F,W vs Medvedev,20.9%,41.9%,54.5%,33.0%,29.8%,57.9%,70.0%,48.1%,48.0%,43.8%,50.0%,3.7%,11.1%,30.8%,-80
2021 Paris SF,W vs Hurkacz,32.5%,42.9%,59.2%,37.3%,46.5%,58.1%,56.5%,55.1%,66.7%,59.1%,50.0%,16.1%,25.8%,61.5%,44
2021 Paris QF,W vs Fritz,31.9%,46.8%,55.2%,39.6%,41.2%,58.8%,55.0%,51.8%,43.8%,38.9%,33.3%,10.0%,20.0%,55.6%,-33
2021 US Open F,L vs Medvedev,23.9%,33.7%,52.2%,31.0%,38.0%,52.0%,67.7%,51.0%,55.6%,47.8%,50.0%,7.7%,12.8%,38.9%,-39
2021 US Open SF,W vs Zverev,26.0%,36.7%,54.1%,33.1%,37.4%,51.5%,62.9%,48.1%,55.3%,42.3%,50.0%,4.1%,8.2%,42.6%,-75
2021 US Open QF,W vs Berrettini,34.2%,47.9%,58.9%,40.5%,44.4%,58.3%,52.5%,54.7%,40.6%,37.5%,0.0%,19.5%,34.1%,66.7%,56
2021 US Open R16,W vs Brooksby,29.5%,42.9%,52.1%,36.1%,40.9%,54.5%,53.8%,51.4%,46.9%,44.1%,20.0%,10.5%,23.7%,50.0%,-40
2021 US Open R32,W vs Nishikori,34.4%,45.8%,54.4%,40.5%,46.3%,58.5%,56.8%,56.1%,47.4%,54.5%,50.0%,16.7%,28.6%,51.4%,39
2021 US Open R64,W vs Griekspoor,50.0%,56.9%,48.4%,56.0%,57.4%,68.1%,55.0%,66.6%,40.9%,44.0%,0.0%,45.0%,45.0%,36.4%,224
2021 Tokyo Olympics BR,L vs Carreno Busta,28.7%,42.5%,59.3%,37.9%,40.8%,61.2%,62.1%,57.1%,62.5%,51.5%,0.0%,14.3%,20.0%,56.7%,27
2021 Tokyo Olympics SF,L vs Zverev,20.3%,27.8%,37.1%,24.9%,28.8%,38.5%,37.8%,36.0%,48.1%,44.0%,25.0%,3.8%,7.7%,36.0%,-77
2021 Tokyo Olympics QF,W vs Nishikori,28.6%,45.2%,73.1%,33.6%,40.0%,55.0%,75.0%,50.5%,53.8%,42.9%,-,22.2%,44.4%,71.4%,82
2021 Tokyo Olympics R16,W vs Davidovich Fokina,37.5%,47.9%,58.6%,42.9%,53.1%,65.6%,60.0%,61.2%,66.7%,41.2%,0.0%,6.7%,13.3%,57.1%,-49
2021 Tokyo Olympics R32,W vs Struff,48.3%,55.2%,44.8%,54.1%,63.4%,68.3%,53.3%,71.7%,70.6%,33.3%,100.0%,12.5%,25.0%,35.7%,10
2021 Tokyo Olympics R64,W vs Dellien,58.3%,63.9%,73.3%,61.4%,54.5%,59.1%,60.0%,59.5%,46.2%,44.4%,-,64.3%,71.4%,100.0%,-79
2021 Wimbledon F,W vs Berrettini,29.5%,41.0%,58.5%,36.4%,40.0%,56.0%,64.4%,51.2%,52.5%,45.7%,50.0%,14.0%,18.6%,51.4%,22
2021 Wimbledon SF,W vs Shapovalov,31.3%,50.0%,62.5%,40.9%,40.6%,66.7%,65.9%,56.2%,61.3%,39.5%,16.7%,18.4%,26.3%,58.1%,61
2021 Wimbledon QF,W vs Fucsovics,25.8%,46.2%,60.6%,35.6%,36.1%,63.9%,71.8%,51.0%,59.3%,50.0%,33.3%,6.9%,13.8%,44.4%,-49
2021 Roland Garros F,W vs Tsitsipas,21.6%,35.8%,63.7%,30.4%,28.3%,43.5%,68.2%,41.1%,64.1%,54.7%,33.3%,7.7%,20.5%,55.6%,-39
2021 Roland Garros SF,W vs Nadal,13.5%,21.8%,54.5%,20.5%,15.3%,25.9%,58.3%,26.2%,59.1%,41.5%,50.0%,11.1%,15.6%,47.5%,-3
2021 Roland Garros QF,W vs Berrettini,28.0%,46.2%,63.8%,36.6%,37.0%,57.6%,63.8%,49.2%,53.5%,59.2%,33.3%,7.7%,20.5%,63.9%,-41
2021 Belgrade 2 F,W vs Molcan,18.4%,26.5%,54.1%,25.1%,29.6%,40.7%,57.9%,41.9%,38.5%,57.1%,0.0%,5.3%,10.5%,50.0%,-68
2021 Rome F,L vs Nadal,21.1%,26.3%,50.7%,24.4%,27.0%,33.3%,52.2%,32.1%,61.8%,48.3%,75.0%,10.7%,14.3%,48.0%,-15
2021 Rome SF,W vs Sonego,22.1%,32.6%,66.7%,32.4%,25.8%,40.9%,71.4%,40.6%,52.0%,51.2%,0.0%,14.8%,14.8%,56.5%,25
2021 Belgrade SF,L vs Karatsev,21.6%,28.4%,47.1%,26.1%,22.2%,31.9%,50.0%,29.6%,45.7%,56.8%,33.3%,23.7%,26.3%,41.4%,107
2021 Monte Carlo R16,L vs Evans,15.4%,26.2%,47.1%,21.8%,18.4%,34.2%,48.4%,29.5%,47.4%,42.1%,-,13.0%,17.4%,45.0%,4
2021 Australian Open F,W vs Medvedev,25.6%,34.6%,58.9%,34.0%,34.6%,48.1%,58.8%,47.1%,45.8%,57.1%,0.0%,8.3%,8.3%,59.1%,-33
2021 Australian Open SF,W vs Karatsev,40.7%,44.4%,47.8%,42.6%,45.5%,50.9%,46.7%,48.2%,45.8%,54.8%,75.0%,33.3%,33.3%,50.0%,37
2021 Australian Open QF,W vs Zverev,35.2%,45.7%,48.0%,42.4%,44.5%,57.1%,50.0%,54.4%,51.9%,41.8%,28.6%,10.5%,15.8%,44.1%,-16
2021 Australian Open R16,W vs Raonic,36.4%,52.9%,58.1%,45.0%,45.1%,64.6%,60.0%,57.8%,52.9%,47.9%,100.0%,19.4%,30.6%,55.2%,37
2021 Australian Open R32,W vs Fritz,32.1%,44.7%,53.4%,40.4%,38.1%,54.3%,60.0%,50.8%,58.8%,51.9%,33.3%,22.4%,28.6%,42.1%,61
2021 Australian Open R64,W vs Tiafoe,44.2%,53.3%,58.1%,48.9%,55.4%,67.6%,63.6%,63.1%,46.9%,40.5%,33.3%,29.3%,34.1%,51.7%,86
2020 Tour Finals SF,L vs Thiem,34.2%,43.9%,56.0%,41.8%,44.6%,56.8%,73.2%,56.4%,41.9%,46.5%,0.0%,15.0%,20.0%,35.3%,-79
2020 Tour Finals RR,L vs Medvedev,20.6%,30.9%,51.0%,27.8%,30.0%,42.5%,53.6%,42.3%,40.0%,65.0%,25.0%,8.7%,17.4%,47.6%,-39
2020 Vienna QF,L vs Sonego,19.6%,31.4%,36.8%,26.9%,32.1%,50.0%,42.1%,45.4%,72.7%,52.9%,100.0%,5.0%,10.0%,31.6%,-70
2020 Roland Garros F,L vs Nadal,5.1%,15.2%,48.9%,13.2%,7.6%,21.2%,45.9%,19.8%,45.5%,42.4%,30.0%,0.0%,3.4%,55.2%,-118
2020 Roland Garros SF,W vs Tsitsipas,25.5%,37.3%,54.6%,33.5%,30.4%,46.1%,60.6%,42.4%,45.5%,53.4%,75.0%,17.8%,22.2%,43.2%,54
2020 Roland Garros QF,W vs Carreno Busta,22.1%,29.0%,55.7%,29.3%,30.3%,40.8%,58.5%,42.6%,55.9%,50.0%,33.3%,12.0%,14.0%,52.3%,2
2020 Rome F,W vs Schwartzman,12.9%,27.1%,55.0%,23.4%,19.1%,40.4%,63.2%,34.9%,59.1%,60.0%,50.0%,0.0%,0.0%,40.9%,-118
2020 Rome SF,W vs Ruud,27.8%,41.8%,55.4%,34.4%,34.0%,49.1%,54.3%,43.8%,40.9%,64.5%,28.6%,16.0%,28.0%,57.1%,-21
2020 US Open R32,W vs Struff,30.9%,40.7%,64.7%,38.1%,41.5%,54.7%,64.5%,52.6%,50.0%,34.5%,33.3%,13.0%,17.4%,65.0%,0
2020 Cincinnati F,W vs Raonic,26.3%,36.8%,52.9%,28.9%,38.5%,48.7%,58.3%,43.6%,40.0%,68.4%,0.0%,15.6%,28.1%,48.1%,31
2020 Cincinnati SF,W vs Bautista Agut,29.1%,37.9%,43.9%,34.5%,43.1%,51.7%,45.5%,52.6%,31.0%,51.7%,60.0%,13.2%,23.7%,42.4%,4
2020 Dubai F,W vs Tsitsipas,26.3%,36.8%,59.5%,33.9%,30.6%,44.4%,68.0%,42.5%,66.7%,53.3%,100.0%,19.0%,23.8%,47.1%,-79
2020 Dubai SF,W vs Monfils,20.8%,31.3%,48.0%,28.0%,23.9%,36.6%,48.1%,33.7%,40.0%,43.9%,25.0%,12.5%,16.7%,47.6%,-19
2020 Australian Open F,W vs Thiem,23.9%,36.6%,59.8%,32.3%,27.6%,42.5%,66.7%,40.6%,42.9%,51.1%,100.0%,19.0%,28.6%,47.1%,69
2020 Australian Open SF,W vs Federer,29.4%,38.2%,54.9%,34.7%,37.0%,45.2%,56.5%,44.4%,42.4%,55.0%,40.0%,10.7%,21.4%,52.0%,-27
2020 Australian Open QF,W vs Raonic,35.6%,44.6%,61.4%,40.2%,45.5%,57.6%,77.8%,52.4%,40.0%,52.8%,50.0%,22.2%,25.9%,33.3%,-25
2020 Australian Open R16,W vs Schwartzman,30.2%,43.0%,60.3%,35.0%,38.9%,51.9%,57.6%,46.5%,40.0%,41.4%,100.0%,16.7%,30.0%,64.0%,-30
2020 Atp Cup F,W vs Nadal,35.9%,57.8%,69.2%,46.3%,42.9%,67.3%,71.4%,56.3%,57.1%,50.0%,66.7%,15.4%,30.8%,63.6%,29
2020 Atp Cup SF,W vs Medvedev,19.8%,31.5%,56.0%,28.5%,28.0%,44.0%,59.3%,40.8%,42.4%,50.0%,60.0%,3.2%,6.5%,50.0%,-87
2019 Tour Finals RR,W vs Berrettini,35.0%,42.5%,64.0%,38.8%,41.7%,54.2%,57.1%,47.9%,33.3%,41.7%,0.0%,26.7%,26.7%,72.7%,16
2019 Tour Finals RR,L vs Thiem,29.0%,36.6%,50.0%,34.2%,36.2%,46.6%,56.8%,44.5%,39.1%,40.0%,100.0%,19.4%,22.6%,40.0%,55
2019 Tour Finals RR,L vs Federer,14.5%,22.6%,48.0%,21.8%,19.6%,26.1%,45.9%,29.3%,60.0%,46.2%,66.7%,0.0%,15.4%,53.8%,-118
2019 Paris F,W vs Shapovalov,56.9%,66.7%,57.1%,59.8%,66.7%,75.0%,41.7%,70.8%,25.0%,40.0%,0.0%,35.7%,50.0%,77.8%,22
2019 Paris SF,W vs Dimitrov,33.9%,41.9%,73.0%,38.9%,45.0%,57.5%,72.7%,52.8%,52.6%,38.1%,-,16.7%,16.7%,73.3%,32
2019 Paris QF,W vs Tsitsipas,23.8%,42.9%,71.9%,34.0%,27.6%,44.8%,71.4%,42.4%,16.7%,52.9%,-,15.4%,38.5%,72.7%,-79
2019 Shanghai QF,L vs Tsitsipas,30.2%,37.2%,60.3%,35.8%,33.8%,43.1%,55.8%,41.2%,41.2%,32.3%,0.0%,21.1%,21.1%,73.3%,65
2019 Shanghai R32,W vs Shapovalov,34.0%,46.8%,74.2%,41.7%,34.3%,51.4%,82.6%,44.6%,47.4%,37.5%,0.0%,33.3%,33.3%,50.0%,-79
2019 Tokyo F,W vs Millman,46.8%,51.1%,56.0%,47.9%,60.0%,63.3%,66.7%,61.7%,25.0%,42.9%,-,23.5%,29.4%,46.2%,-79
2019 US Open R16,L vs Wawrinka,27.4%,34.2%,45.5%,31.8%,37.5%,47.5%,52.0%,45.5%,44.0%,46.7%,50.0%,20.8%,25.0%,36.8%,72
2019 Cincinnati SF,L vs Medvedev,30.4%,37.7%,57.4%,35.9%,38.0%,46.0%,54.8%,45.6%,42.3%,41.7%,-,11.1%,16.7%,62.5%,-2
2019 Wimbledon F,W vs Federer,23.3%,31.1%,56.0%,28.2%,33.1%,42.6%,61.5%,41.0%,38.1%,46.6%,75.0%,8.1%,13.5%,48.5%,-38
2019 Wimbledon SF,W vs Bautista Agut,24.3%,38.3%,59.5%,33.0%,31.1%,51.4%,66.7%,44.5%,51.3%,42.9%,100.0%,13.2%,15.8%,48.5%,16
2019 Wimbledon QF,W vs Goffin,31.3%,37.3%,50.9%,34.7%,52.1%,56.3%,47.8%,57.9%,36.8%,37.9%,40.0%,3.2%,12.9%,53.3%,-86
2019 Wimbledon R16,W vs Humbert,22.7%,36.4%,75.5%,30.8%,28.3%,43.5%,72.7%,39.8%,36.8%,44.4%,-,11.1%,22.2%,81.3%,-8
2019 Wimbledon R32,W vs Hurkacz,33.1%,46.2%,63.3%,40.8%,45.9%,61.2%,65.2%,57.8%,37.1%,56.0%,0.0%,10.8%,21.6%,60.6%,-20
2019 Wimbledon R64,W vs Kudla,38.4%,53.4%,54.8%,45.5%,50.0%,66.7%,58.3%,60.8%,40.9%,65.4%,50.0%,18.2%,31.8%,50.0%,47
2019 Wimbledon R128,W vs Kohlschreiber,39.5%,51.3%,62.8%,47.1%,48.0%,64.0%,69.2%,59.6%,28.6%,31.8%,66.7%,26.1%,30.4%,52.9%,96
2019 Roland Garros SF,L vs Thiem,16.9%,27.1%,51.1%,24.7%,19.2%,33.1%,52.4%,29.8%,41.0%,59.4%,56.3%,12.2%,12.2%,47.2%,4
2019 Roland Garros R128,W vs Hurkacz,41.3%,47.6%,65.7%,47.5%,48.8%,55.8%,63.6%,57.9%,45.0%,60.9%,-,27.8%,33.3%,69.2%,1
2019 Rome F,L vs Nadal,15.6%,28.1%,43.8%,26.4%,19.2%,34.2%,50.8%,33.3%,51.4%,44.4%,25.0%,4.5%,9.1%,23.8%,-70
2019 Rome SF,W vs Schwartzman,15.2%,27.3%,61.4%,24.4%,15.4%,30.8%,63.6%,29.5%,37.0%,57.9%,66.7%,15.2%,21.2%,57.1%,-35
2019 Rome QF,W vs del Potro,19.2%,35.4%,63.6%,28.6%,18.2%,40.9%,59.3%,32.3%,39.3%,57.9%,25.0%,23.3%,26.7%,73.9%,59
2019 Madrid F,W vs Tsitsipas,20.3%,28.8%,63.8%,28.6%,25.0%,37.5%,70.0%,37.3%,71.4%,61.5%,-,10.5%,10.5%,52.9%,-79
2019 Madrid SF,W vs Thiem,28.9%,43.3%,49.2%,35.1%,36.4%,54.5%,60.0%,46.5%,41.7%,58.1%,75.0%,17.6%,26.5%,35.7%,-36
2019 Monte Carlo QF,L vs Medvedev,14.3%,20.9%,52.0%,18.9%,12.0%,24.0%,61.4%,20.4%,42.9%,48.3%,75.0%,18.4%,18.4%,38.7%,32
2019 Indian Wells R32,L vs Kohlschreiber,23.2%,32.1%,50.0%,28.9%,32.4%,43.2%,52.0%,41.1%,50.0%,47.4%,50.0%,6.3%,12.5%,46.7%,-60
2019 Australian Open F,W vs Nadal,24.6%,42.0%,75.0%,32.2%,28.0%,44.0%,72.2%,38.4%,54.5%,42.9%,0.0%,15.8%,36.8%,81.3%,-79
2019 Australian Open SF,W vs Pouille,37.7%,56.6%,75.8%,48.5%,36.8%,60.5%,75.0%,51.8%,45.0%,55.6%,-,40.0%,46.7%,77.8%,-79
2019 Australian Open QF,W vs Nishikori,31.0%,44.8%,84.2%,40.3%,35.0%,50.0%,76.9%,48.5%,11.1%,63.6%,-,25.0%,37.5%,100.0%,89
2019 Australian Open R16,W vs Medvedev,21.4%,34.9%,58.5%,30.6%,26.2%,45.2%,62.9%,40.0%,40.5%,51.1%,40.0%,13.5%,16.2%,50.0%,13
2019 Australian Open R32,W vs Shapovalov,30.0%,38.9%,60.3%,34.4%,31.5%,46.3%,62.2%,38.9%,56.5%,54.8%,50.0%,32.3%,32.3%,57.1%,94
2019 Doha SF,L vs Bautista Agut,27.2%,37.7%,55.0%,33.5%,32.9%,41.1%,49.0%,42.7%,44.8%,59.1%,60.0%,18.4%,34.2%,64.5%,32
2019 Doha QF,W vs Basilashvili,36.0%,43.0%,48.1%,39.7%,45.6%,54.4%,48.4%,51.1%,46.4%,51.7%,0.0%,19.2%,23.1%,47.6%,72
2018 Tour Finals F,L vs Zverev,22.8%,29.8%,46.5%,28.4%,29.4%,41.2%,62.5%,38.8%,42.9%,45.0%,50.0%,13.6%,13.6%,26.3%,-13
2018 Tour Finals SF,W vs Anderson,41.0%,48.7%,72.7%,46.7%,51.9%,59.3%,69.2%,60.0%,53.3%,75.0%,-,18.2%,27.3%,77.8%,47
2018 Tour Finals RR,W vs Isner,44.2%,53.5%,78.3%,51.6%,43.3%,56.7%,76.5%,54.0%,42.9%,50.0%,-,50.0%,50.0%,83.3%,37
2018 Tour Finals RR,W vs Zverev,23.1%,30.8%,70.3%,26.0%,28.1%,37.5%,65.2%,32.8%,42.9%,33.3%,0.0%,17.6%,23.5%,78.6%,47
2018 Paris F,L vs Khachanov,26.8%,39.4%,49.0%,36.6%,30.2%,48.8%,56.7%,46.5%,45.5%,57.1%,33.3%,22.2%,25.9%,38.1%,-25
2018 Paris SF,W vs Federer,31.9%,41.6%,62.3%,37.9%,32.5%,45.5%,61.5%,41.3%,25.0%,60.0%,100.0%,30.6%,33.3%,64.0%,-79
2018 Shanghai F,W vs Coric,32.7%,40.4%,74.3%,38.8%,40.6%,53.1%,84.2%,50.6%,50.0%,58.3%,-,20.0%,20.0%,62.5%,-79
2018 Shanghai SF,W vs Zverev,37.0%,43.5%,57.1%,42.8%,42.4%,51.5%,63.2%,50.6%,69.2%,55.0%,-,25.0%,25.0%,44.4%,37
2018 US Open F,W vs del Potro,13.6%,22.0%,60.0%,18.8%,14.9%,28.4%,61.9%,23.2%,45.7%,41.0%,33.3%,11.9%,11.9%,56.8%,-10
2018 US Open SF,W vs Nishikori,37.2%,47.4%,66.0%,45.5%,40.0%,54.0%,66.7%,53.0%,55.0%,46.7%,100.0%,34.6%,38.5%,64.7%,29
2018 US Open QF,W vs Millman,22.1%,32.6%,66.7%,29.0%,24.1%,36.2%,65.9%,34.3%,56.0%,42.4%,0.0%,20.8%,29.2%,68.4%,78
2018 Cincinnati F,W vs Federer,47.2%,49.1%,53.8%,49.2%,40.0%,42.9%,52.4%,43.1%,40.0%,45.0%,-,68.8%,68.8%,60.0%,89
2018 Cincinnati SF,W vs Cilic,24.0%,33.3%,52.2%,30.7%,33.3%,45.0%,57.5%,44.2%,53.1%,42.9%,60.0%,9.4%,15.6%,44.8%,-26
2018 Canada R16,L vs Tsitsipas,27.8%,38.1%,59.1%,32.3%,35.7%,44.6%,58.3%,43.4%,60.7%,42.9%,25.0%,18.9%,32.4%,60.0%,69
2018 Wimbledon F,W vs Anderson,36.2%,45.7%,62.5%,42.3%,39.7%,51.5%,61.0%,48.2%,40.0%,46.5%,33.3%,31.8%,36.4%,66.7%,154
2018 Wimbledon SF,W vs Nadal,30.7%,43.8%,55.1%,39.0%,37.3%,54.0%,60.8%,49.0%,30.4%,47.1%,16.7%,15.2%,19.6%,43.6%,36
2018 Wimbledon QF,W vs Nishikori,23.1%,36.3%,64.2%,32.4%,27.9%,45.9%,79.5%,41.8%,35.7%,51.5%,0.0%,14.8%,18.5%,34.8%,29
2018 Queen's Club F,L vs Cilic,41.3%,47.7%,52.5%,44.0%,54.3%,61.7%,48.6%,58.0%,47.4%,44.2%,40.0%,4.3%,8.7%,59.1%,-79
2018 Queen's Club QF,W vs Mannarino,34.5%,49.1%,61.8%,42.2%,42.9%,60.0%,70.0%,54.9%,44.4%,58.8%,100.0%,22.2%,33.3%,50.0%,72
2018 Queen's Club R16,W vs Dimitrov,48.1%,55.8%,65.2%,54.2%,58.8%,70.6%,71.4%,68.2%,46.7%,47.4%,0.0%,35.7%,35.7%,55.6%,187
2018 Roland Garros QF,L vs Cecchinato,24.4%,35.4%,49.5%,31.2%,31.0%,42.9%,48.3%,41.2%,37.5%,57.7%,50.0%,13.2%,23.7%,51.5%,-3
2018 Roland Garros R64,W vs Munar,20.2%,38.4%,63.5%,29.6%,23.2%,44.9%,62.3%,36.7%,48.1%,52.4%,66.7%,16.0%,28.0%,66.7%,29
2018 Rome SF,L vs Nadal,20.6%,33.3%,50.0%,30.3%,26.7%,37.8%,45.5%,40.2%,65.0%,44.0%,0.0%,5.6%,22.2%,58.8%,-79
2018 Monte Carlo R16,L vs Thiem,28.1%,32.5%,42.5%,32.5%,36.1%,41.7%,43.5%,43.1%,41.2%,68.4%,80.0%,15.0%,17.5%,41.2%,-7
2018 Monte Carlo R32,W vs Coric,22.8%,29.3%,52.9%,28.2%,26.7%,35.0%,54.5%,34.8%,37.0%,54.5%,60.0%,16.1%,19.4%,50.0%,-32
2018 Monte Carlo R64,W vs Lajovic,26.7%,35.6%,64.5%,35.3%,32.1%,42.9%,73.7%,46.1%,57.1%,57.1%,66.7%,20.0%,26.7%,50.0%,76
2018 Australian Open R32,W vs Ramos,25.3%,36.8%,61.3%,33.9%,29.1%,45.5%,71.8%,42.7%,57.7%,41.4%,0.0%,20.7%,24.1%,43.5%,63
2018 Australian Open R64,W vs Monfils,16.2%,27.4%,63.1%,23.3%,17.3%,34.7%,67.7%,28.4%,54.8%,47.7%,75.0%,21.4%,21.4%,50.0%,51
2017 Eastbourne F,W vs Monfils,25.9%,41.4%,59.5%,34.8%,30.2%,48.8%,63.3%,42.3%,55.0%,56.5%,66.7%,14.3%,21.4%,50.0%,22
2017 Eastbourne SF,W vs Medvedev,28.1%,32.8%,59.5%,31.4%,40.5%,48.6%,77.3%,46.2%,56.3%,42.9%,66.7%,13.0%,13.0%,40.0%,4
2017 Roland Garros QF,L vs Thiem,18.3%,26.9%,41.5%,23.3%,22.4%,34.3%,44.2%,30.1%,64.7%,51.5%,75.0%,11.8%,14.7%,36.7%,1
2017 Roland Garros R32,W vs Schwartzman,15.8%,25.4%,66.3%,25.5%,17.5%,28.7%,72.7%,31.4%,44.4%,52.3%,80.0%,12.1%,18.2%,51.7%,-35
2017 Rome F,L vs Zverev,22.4%,31.3%,49.0%,27.8%,30.2%,44.2%,56.7%,38.6%,52.2%,65.0%,0.0%,9.5%,9.5%,36.8%,-26
2017 Rome SF,W vs Thiem,30.2%,44.2%,60.0%,37.7%,38.7%,51.6%,68.4%,49.0%,14.3%,70.6%,100.0%,8.3%,25.0%,45.5%,-79
2017 Madrid SF,L vs Nadal,19.6%,25.0%,41.9%,27.0%,23.1%,25.6%,43.3%,33.6%,58.8%,40.9%,25.0%,13.3%,26.7%,38.5%,11
2017 Madrid R32,W vs Almagro,22.4%,32.9%,59.4%,30.6%,25.4%,39.0%,59.1%,37.3%,60.9%,52.8%,66.7%,16.7%,20.8%,60.0%,37
2017 Monte Carlo QF,L vs Goffin,16.4%,27.3%,53.4%,23.6%,19.7%,33.8%,57.9%,31.0%,50.0%,36.6%,22.2%,11.4%,17.1%,45.2%,-5
2017 Monte Carlo R16,W vs Carreno Busta,15.6%,34.4%,56.6%,27.6%,18.6%,47.5%,68.8%,38.1%,55.6%,46.9%,50.0%,12.5%,15.6%,35.7%,1
2017 Monte Carlo R32,W vs Simon,19.3%,28.9%,53.0%,27.8%,17.6%,31.4%,54.8%,31.6%,47.8%,46.4%,0.0%,22.6%,25.8%,50.0%,-32
2017 Indian Wells R16,L vs Kyrgios,19.5%,34.1%,56.1%,29.3%,24.0%,44.0%,60.5%,40.0%,48.1%,39.1%,33.3%,12.5%,18.8%,50.0%,-79
2017 Indian Wells R32,W vs del Potro,19.0%,36.9%,64.5%,29.9%,25.5%,47.1%,71.1%,43.3%,33.3%,54.2%,50.0%,11.1%,25.9%,54.2%,-25
2017 Acapulco QF,L vs Kyrgios,24.3%,38.6%,68.6%,30.9%,28.3%,45.7%,66.7%,38.3%,42.1%,44.4%,-,18.2%,27.3%,72.2%,47
2017 Acapulco R16,W vs del Potro,29.0%,38.7%,44.6%,33.7%,37.3%,45.8%,45.9%,44.6%,46.4%,48.4%,80.0%,15.2%,27.3%,42.9%,-35
2017 Australian Open R64,L vs Istomin,25.9%,37.3%,56.7%,31.4%,35.8%,49.1%,57.4%,45.3%,51.1%,44.3%,42.9%,14.5%,24.6%,55.9%,25
2017 Australian Open R128,W vs Verdasco,27.7%,38.3%,54.5%,33.3%,35.6%,47.5%,60.5%,44.6%,42.9%,45.2%,33.3%,15.2%,24.2%,46.4%,7
2017 Doha F,W vs Murray,13.6%,21.8%,63.0%,21.5%,17.7%,29.1%,61.5%,28.7%,50.0%,39.5%,33.3%,3.6%,3.6%,66.7%,-82
2016 Tour Finals F,L vs Murray,21.3%,24.6%,50.0%,27.9%,27.3%,31.8%,43.8%,36.4%,52.4%,47.8%,50.0%,5.9%,5.9%,62.5%,-79
2016 Tour Finals SF,W vs Nishikori,31.8%,47.7%,55.2%,42.5%,39.3%,64.3%,70.6%,56.1%,46.2%,46.7%,50.0%,20.0%,20.0%,33.3%,16
2016 Tour Finals RR,W vs Thiem,26.3%,36.3%,64.4%,31.8%,31.5%,38.9%,59.5%,39.6%,44.0%,55.2%,100.0%,15.4%,30.8%,72.7%,-79
2016 Tour Finals RR,W vs Goffin,35.1%,36.8%,51.5%,37.0%,45.7%,48.6%,68.4%,48.9%,56.3%,57.9%,0.0%,22.2%,22.2%,28.6%,82
2016 Tour Finals RR,W vs Raonic,24.4%,33.3%,53.0%,29.1%,29.3%,39.7%,61.0%,36.6%,45.5%,50.0%,60.0%,16.7%,23.3%,40.0%,16
2016 Shanghai SF,L vs Bautista Agut,23.3%,31.7%,47.7%,29.5%,25.0%,37.5%,50.0%,34.3%,52.9%,47.8%,33.3%,22.2%,22.2%,42.9%,72
2016 US Open F,L vs Wawrinka,26.8%,34.1%,57.8%,31.6%,39.7%,50.8%,63.2%,49.0%,35.7%,54.3%,60.0%,15.1%,18.9%,53.3%,29
2016 US Open SF,W vs Monfils,23.6%,38.7%,55.4%,31.5%,25.0%,42.6%,56.9%,37.4%,42.9%,27.5%,25.0%,25.8%,38.7%,52.2%,113
2016 US Open R128,W vs Janowicz,35.1%,45.6%,52.2%,40.8%,36.6%,46.5%,51.1%,45.8%,52.8%,31.4%,25.0%,36.8%,50.0%,54.2%,97
2016 Rio Olympics R64,L vs del Potro,22.8%,31.7%,53.9%,29.6%,29.6%,42.3%,52.0%,39.3%,36.4%,44.7%,60.0%,7.1%,7.1%,57.7%,-45
2016 Canada F,W vs Nishikori,37.9%,43.1%,55.6%,43.6%,40.9%,47.7%,69.2%,48.4%,42.1%,44.0%,0.0%,28.6%,28.6%,20.0%,-79
2016 Canada SF,W vs Monfils,20.4%,29.6%,68.4%,28.3%,25.7%,40.0%,73.1%,38.0%,66.7%,45.0%,50.0%,14.3%,14.3%,58.3%,-2
2016 Wimbledon R32,L vs Querrey,16.3%,20.9%,51.9%,20.5%,21.6%,33.3%,52.5%,32.2%,63.2%,40.6%,40.0%,41.7%,41.7%,50.0%,-19
2016 Roland Garros F,W vs Murray,20.9%,26.4%,54.8%,28.0%,23.4%,31.2%,54.2%,33.5%,41.7%,39.0%,80.0%,16.7%,16.7%,56.0%,49
2016 Roland Garros SF,W vs Thiem,24.7%,30.1%,62.3%,29.0%,26.5%,34.7%,61.1%,33.1%,47.6%,50.0%,66.7%,22.7%,22.7%,64.7%,-13
2016 Rome F,L vs Murray,23.2%,26.8%,45.2%,26.1%,28.1%,34.4%,47.8%,33.1%,41.2%,60.0%,0.0%,17.4%,17.4%,42.1%,-16
2016 Rome SF,W vs Nishikori,27.3%,37.4%,51.4%,36.0%,27.1%,41.4%,58.8%,39.4%,53.6%,45.2%,60.0%,29.6%,29.6%,31.6%,25
2016 Rome QF,W vs Nadal,17.7%,30.4%,58.7%,27.2%,17.9%,33.9%,56.5%,31.3%,62.5%,43.8%,0.0%,19.0%,23.8%,64.7%,53
2016 Madrid F,W vs Murray,17.1%,34.1%,63.1%,27.2%,18.6%,40.7%,66.7%,32.7%,35.7%,61.3%,80.0%,15.0%,20.0%,52.9%,25
2016 Madrid SF,W vs Nishikori,31.6%,44.3%,53.8%,41.1%,39.7%,55.2%,60.0%,52.6%,52.2%,40.0%,50.0%,10.5%,15.8%,41.2%,-13
2016 Madrid QF,W vs Raonic,23.4%,32.8%,67.4%,30.2%,19.0%,31.0%,67.6%,29.3%,42.1%,47.8%,0.0%,36.8%,42.1%,66.7%,127
2016 Madrid R32,W vs Coric,22.4%,32.7%,78.8%,27.8%,26.9%,42.3%,78.9%,36.9%,60.0%,50.0%,100.0%,22.2%,27.8%,78.6%,82
2016 Monte Carlo R32,L vs Vesely,19.6%,26.1%,56.3%,28.8%,24.6%,32.8%,63.0%,38.5%,40.7%,35.3%,33.3%,10.7%,14.3%,44.0%,-12
2016 Miami F,W vs Nishikori,25.6%,34.9%,66.7%,35.8%,32.1%,46.4%,68.4%,47.9%,45.5%,47.1%,-,15.4%,15.4%,63.6%,29
2016 Miami SF,W vs Goffin,31.6%,39.5%,54.0%,37.2%,32.6%,43.5%,58.1%,42.0%,64.7%,48.3%,0.0%,32.1%,35.7%,47.4%,22
2016 Indian Wells F,W vs Raonic,31.7%,46.3%,63.0%,38.0%,39.3%,53.6%,64.7%,48.6%,72.7%,29.4%,-,16.7%,33.3%,60.0%,37
2016 Indian Wells SF,W vs Nadal,25.0%,35.0%,61.9%,33.2%,23.8%,35.7%,62.5%,35.5%,62.5%,46.2%,0.0%,33.3%,40.0%,60.0%,173
2016 Australian Open F,W vs Murray,21.6%,29.7%,59.5%,27.9%,28.8%,39.7%,63.5%,38.4%,38.7%,42.9%,60.0%,8.6%,11.4%,53.1%,-31
2016 Australian Open SF,W vs Federer,36.1%,39.2%,59.0%,37.7%,44.6%,47.7%,58.3%,47.1%,36.0%,30.0%,50.0%,19.4%,22.6%,60.0%,-32
2016 Australian Open QF,W vs Nishikori,29.2%,39.3%,52.5%,32.6%,33.3%,45.1%,47.1%,39.2%,50.0%,43.5%,25.0%,25.0%,33.3%,59.3%,1
2016 Australian Open R16,W vs Simon,24.3%,34.5%,52.7%,31.2%,31.5%,46.3%,55.4%,42.8%,47.1%,49.1%,45.5%,13.6%,16.7%,49.1%,-57
2016 Doha F,W vs Nadal,22.7%,40.9%,72.7%,35.2%,30.3%,45.5%,69.6%,47.0%,40.0%,44.4%,-,0.0%,30.0%,80.0%,-118
2016 Doha SF,W vs Berdych,26.1%,40.6%,60.0%,34.3%,33.3%,53.3%,66.7%,46.0%,57.9%,53.8%,0.0%,13.0%,17.4%,50.0%,-16
2016 Doha QF,W vs Mayer,26.3%,43.9%,52.4%,35.4%,28.9%,50.0%,70.4%,42.6%,53.3%,39.1%,0.0%,21.1%,31.6%,20.0%,-79
2016 Doha R32,W vs Brown,37.5%,42.5%,60.0%,46.0%,36.7%,43.3%,52.6%,48.0%,60.0%,46.7%,0.0%,40.0%,40.0%,83.3%,-79
2015 Tour Finals F,W vs Federer,30.4%,37.5%,56.4%,34.3%,26.3%,31.6%,50.0%,32.1%,58.8%,42.9%,0.0%,38.9%,50.0%,72.7%,-79
2015 Tour Finals SF,W vs Nadal,32.6%,43.5%,70.0%,38.0%,50.0%,67.9%,78.6%,58.9%,33.3%,43.8%,-,5.9%,5.9%,62.5%,-57
2015 Tour Finals RR,W vs Nishikori,48.7%,56.4%,57.9%,54.1%,50.0%,60.7%,64.3%,57.5%,61.5%,53.3%,-,50.0%,50.0%,40.0%,59
2015 Tour Finals RR,L vs Federer,23.1%,30.8%,42.9%,29.7%,21.3%,31.9%,37.8%,30.4%,29.2%,47.8%,25.0%,29.4%,29.4%,58.3%,5
2015 Tour Finals RR,W vs Berdych,22.1%,36.8%,52.8%,30.4%,28.9%,48.9%,56.3%,41.6%,47.8%,45.5%,0.0%,8.7%,13.0%,47.6%,-79
2015 Paris F,W vs Murray,22.9%,31.3%,59.5%,27.1%,23.3%,36.7%,56.5%,30.0%,75.0%,57.1%,-,22.2%,22.2%,64.3%,-79
2015 Paris SF,W vs Wawrinka,17.9%,28.2%,57.8%,25.6%,25.5%,36.4%,65.9%,36.4%,60.7%,48.1%,33.3%,0.0%,8.7%,43.5%,-118
2015 Paris QF,W vs Berdych,36.1%,48.2%,60.8%,43.6%,37.5%,53.1%,67.5%,47.2%,50.0%,31.6%,100.0%,35.3%,35.3%,36.4%,80
2015 Paris R16,W vs Simon,23.5%,35.3%,42.9%,31.3%,24.4%,41.5%,54.8%,37.3%,72.2%,43.5%,33.3%,25.0%,29.2%,22.2%,89
2015 Paris R32,W vs Bellucci,19.7%,33.3%,63.5%,28.6%,28.9%,47.4%,66.7%,44.5%,55.6%,35.0%,-,7.4%,14.8%,60.0%,-39
2015 Shanghai F,W vs Tsonga,31.7%,58.5%,75.0%,42.9%,34.5%,62.1%,78.9%,50.3%,41.2%,66.7%,0.0%,25.0%,50.0%,66.7%,-79
2015 Shanghai SF,W vs Murray,26.3%,31.6%,67.9%,30.5%,28.6%,35.7%,75.0%,34.3%,33.3%,56.3%,100.0%,20.0%,20.0%,50.0%,-79
2015 Shanghai QF,W vs Tomic,45.6%,52.6%,46.7%,49.5%,55.3%,60.5%,52.9%,61.1%,55.6%,45.0%,0.0%,27.8%,38.9%,38.5%,1
2015 Shanghai R16,W vs Lopez,35.8%,47.2%,58.8%,40.0%,46.9%,53.1%,58.8%,53.8%,57.9%,61.5%,-,19.0%,38.1%,58.8%,-79
2015 Shanghai R32,W vs Klizan,26.5%,40.8%,55.6%,32.9%,25.0%,38.9%,44.4%,33.6%,66.7%,72.2%,100.0%,30.8%,46.2%,88.9%,-79
2015 Beijing F,W vs Nadal,22.8%,42.1%,56.8%,33.5%,25.5%,48.9%,60.0%,38.5%,54.2%,43.5%,-,10.0%,10.0%,44.4%,-79
2015 Beijing SF,W vs Ferrer,23.1%,32.7%,50.0%,29.0%,25.6%,38.5%,55.2%,33.6%,31.6%,60.0%,0.0%,18.2%,18.2%,33.3%,51
2015 Beijing QF,W vs Isner,45.0%,47.5%,63.6%,49.3%,45.2%,48.4%,52.9%,50.6%,28.6%,41.2%,-,44.4%,44.4%,100.0%,-79
2015 Beijing R16,W vs Zhang,41.5%,48.8%,68.2%,52.4%,53.6%,64.3%,69.2%,69.6%,60.0%,46.2%,-,18.2%,18.2%,66.7%,51
2015 Beijing R32,W vs Bolelli,47.8%,54.3%,45.8%,50.0%,66.7%,72.7%,54.5%,69.7%,54.5%,54.5%,75.0%,0.0%,7.7%,38.5%,-118
2015 US Open F,W vs Federer,20.0%,27.7%,53.8%,24.9%,25.0%,33.3%,54.2%,32.9%,44.9%,42.6%,62.5%,13.0%,20.4%,53.2%,12
2015 US Open SF,W vs Cilic,33.9%,37.5%,66.7%,40.0%,37.8%,43.2%,60.9%,47.0%,33.3%,45.5%,0.0%,27.8%,27.8%,76.9%,1
2015 US Open QF,W vs Lopez,31.6%,37.6%,60.0%,34.4%,33.8%,39.7%,64.4%,38.5%,66.7%,45.7%,75.0%,28.6%,34.7%,54.3%,-79
2015 US Open R16,W vs Bautista Agut,28.5%,34.1%,48.8%,32.4%,36.3%,42.5%,51.0%,42.4%,50.0%,38.6%,50.0%,14.6%,19.5%,45.7%,-9
2015 US Open R32,W vs Seppi,28.6%,40.7%,61.3%,34.4%,37.7%,49.2%,63.2%,46.4%,44.4%,32.4%,25.0%,11.1%,25.9%,58.3%,-8
2015 Cincinnati F,L vs Federer,21.5%,36.7%,53.4%,30.3%,23.9%,43.5%,62.9%,38.9%,60.9%,56.5%,75.0%,20.7%,31.0%,39.1%,82
2015 Cincinnati SF,W vs Dolgopolov,27.2%,33.0%,52.2%,30.4%,33.9%,38.7%,46.3%,39.2%,51.7%,51.5%,0.0%,20.0%,28.6%,60.7%,70
2015 Canada F,L vs Murray,23.6%,32.1%,46.8%,29.6%,28.1%,40.6%,52.2%,38.1%,40.7%,45.9%,40.0%,17.5%,20.0%,39.4%,-7
2015 Canada SF,W vs Chardy,39.2%,45.1%,72.4%,47.1%,45.9%,51.4%,70.0%,56.8%,42.1%,33.3%,-,25.0%,33.3%,77.8%,118
2015 Canada QF,W vs Gulbis,38.8%,41.3%,63.6%,41.6%,49.0%,51.0%,61.5%,53.5%,33.3%,43.3%,100.0%,25.0%,29.2%,66.7%,109
2015 Canada R16,W vs Sock,29.5%,43.2%,67.7%,38.2%,32.1%,46.4%,68.4%,45.7%,71.4%,35.7%,0.0%,25.0%,37.5%,66.7%,-79
2015 Canada R32,W vs Bellucci,29.5%,44.9%,59.3%,36.0%,32.7%,51.0%,66.7%,43.1%,35.0%,34.5%,25.0%,25.0%,35.7%,47.6%,-27
2015 Wimbledon F,W vs Federer,33.1%,40.0%,54.2%,38.0%,36.8%,44.2%,58.3%,44.3%,41.2%,52.5%,100.0%,26.5%,32.7%,47.2%,-49
2015 Wimbledon SF,W vs Gasquet,26.5%,43.9%,61.4%,36.2%,33.8%,51.4%,67.3%,46.6%,37.5%,42.9%,66.7%,4.5%,22.7%,47.6%,-72
2015 Wimbledon QF,W vs Cilic,32.1%,48.1%,68.5%,42.0%,37.9%,55.2%,66.7%,51.7%,38.5%,40.6%,-,18.2%,31.8%,72.2%,-13
2015 Roland Garros F,L vs Wawrinka,18.0%,27.3%,50.5%,23.4%,24.1%,34.9%,50.8%,32.4%,54.5%,36.0%,28.6%,6.7%,13.3%,50.0%,-79
2015 Roland Garros SF,W vs Murray,19.9%,32.6%,61.3%,30.6%,24.5%,41.8%,58.1%,39.9%,58.1%,38.2%,0.0%,9.8%,12.2%,67.6%,-16
2015 Roland Garros QF,W vs Nadal,16.3%,26.3%,64.2%,26.6%,21.1%,33.3%,68.9%,35.6%,44.0%,46.9%,50.0%,4.3%,8.7%,54.5%,-79
2015 Rome F,W vs Federer,39.6%,52.8%,67.7%,46.6%,50.0%,63.2%,68.4%,59.7%,45.0%,38.9%,-,14.3%,28.6%,66.7%,22
2015 Rome SF,W vs Ferrer,23.3%,35.6%,57.1%,31.1%,24.5%,42.9%,56.8%,36.1%,57.1%,53.6%,100.0%,20.8%,20.8%,57.9%,-79
2015 Rome QF,W vs Nishikori,41.7%,47.2%,55.0%,45.4%,44.9%,51.0%,70.4%,50.4%,47.4%,50.0%,-,38.1%,42.9%,23.1%,53
2015 Monte Carlo F,W vs Berdych,20.6%,30.4%,52.6%,25.7%,21.7%,35.0%,57.4%,30.3%,58.6%,45.2%,40.0%,21.6%,27.0%,44.8%,91
2015 Monte Carlo SF,W vs Nadal,21.1%,35.1%,60.0%,28.2%,20.9%,37.2%,64.7%,30.5%,45.8%,47.4%,33.3%,21.4%,28.6%,45.5%,-79
2015 Miami F,W vs Murray,19.6%,26.1%,52.9%,26.8%,19.6%,28.6%,53.3%,31.6%,46.2%,36.7%,25.0%,21.9%,25.0%,52.0%,89
2015 Miami SF,W vs Isner,32.8%,51.7%,68.4%,43.8%,30.6%,52.8%,72.0%,48.3%,50.0%,50.0%,-,38.1%,52.4%,61.5%,-10
2015 Indian Wells F,W vs Federer,27.7%,36.6%,58.8%,33.5%,39.3%,52.5%,62.2%,48.9%,27.3%,51.3%,87.5%,11.4%,14.3%,54.8%,-8
2015 Indian Wells SF,W vs Murray,18.2%,32.7%,60.5%,28.0%,22.6%,41.9%,54.2%,40.0%,57.1%,41.2%,0.0%,13.6%,22.7%,68.4%,19
2015 Indian Wells R32,W vs Ramos,27.4%,38.7%,64.3%,36.5%,40.5%,51.4%,63.6%,55.7%,47.1%,40.0%,0.0%,9.1%,22.7%,65.0%,-30
2015 Dubai F,L vs Federer,25.8%,33.9%,52.3%,29.2%,30.8%,38.5%,55.6%,36.2%,36.8%,35.0%,100.0%,19.0%,28.6%,47.1%,53
2015 Dubai QF,W vs Ilhan,35.7%,38.1%,61.5%,39.8%,44.4%,48.1%,73.3%,50.7%,50.0%,46.7%,0.0%,21.4%,21.4%,45.5%,22
2015 Australian Open F,W vs Murray,17.6%,28.7%,52.3%,25.1%,21.0%,37.0%,48.4%,33.5%,58.1%,50.0%,66.7%,13.0%,16.7%,57.4%,-52
2015 Australian Open SF,W vs Wawrinka,26.7%,35.6%,55.2%,33.6%,28.7%,39.1%,58.1%,39.4%,32.5%,57.4%,33.3%,24.4%,31.1%,50.0%,16
2015 Australian Open QF,W vs Raonic,32.1%,52.6%,80.4%,45.8%,38.2%,61.8%,82.4%,57.6%,44.0%,40.0%,-,19.0%,33.3%,76.5%,53
2015 Australian Open R16,W vs Muller,38.0%,53.3%,67.9%,46.0%,43.1%,60.0%,67.6%,54.3%,42.9%,56.8%,0.0%,30.4%,43.5%,68.8%,145
2015 Australian Open R32,W vs Verdasco,35.2%,53.8%,66.1%,46.3%,40.9%,60.6%,69.2%,56.2%,56.0%,56.1%,0.0%,20.0%,36.0%,60.0%,-79
2015 Doha R32,W vs Lajovic,20.0%,34.0%,57.9%,27.6%,22.9%,34.3%,59.3%,33.7%,56.3%,57.9%,33.3%,15.4%,38.5%,54.5%,29
2014 Tour Finals SF,W vs Nishikori,34.5%,44.8%,58.3%,40.0%,52.9%,64.7%,62.5%,62.4%,57.9%,60.0%,-,9.1%,18.2%,55.0%,-26
2014 Tour Finals RR,W vs Berdych,31.7%,39.0%,70.4%,37.1%,37.5%,45.8%,73.3%,46.7%,50.0%,50.0%,-,25.0%,31.3%,66.7%,10
2014 Tour Finals RR,W vs Cilic,37.8%,45.9%,54.5%,40.5%,52.2%,60.9%,54.5%,56.5%,42.9%,33.3%,-,15.4%,23.1%,54.5%,29
2014 Paris F,W vs Raonic,28.6%,37.5%,62.5%,34.3%,35.7%,45.2%,70.4%,43.3%,50.0%,50.0%,0.0%,7.1%,14.3%,46.2%,-79
2014 Paris SF,W vs Nishikori,45.8%,52.1%,50.0%,51.5%,55.6%,63.9%,56.3%,63.1%,26.7%,33.3%,33.3%,16.7%,16.7%,40.0%,-79
2014 Paris QF,W vs Murray,34.5%,45.5%,60.0%,43.3%,34.3%,51.4%,69.6%,48.0%,57.1%,61.9%,-,36.8%,36.8%,41.7%,-3
2014 Paris R16,W vs Monfils,20.0%,32.9%,66.7%,26.7%,30.8%,48.7%,74.1%,42.8%,59.1%,29.4%,-,7.7%,15.4%,58.3%,-47
2014 Shanghai SF,L vs Federer,20.8%,36.4%,47.5%,25.5%,24.5%,35.8%,47.5%,31.3%,37.5%,37.9%,50.0%,12.5%,37.5%,47.6%,-79
2014 Shanghai R32,W vs Thiem,34.5%,56.4%,65.7%,44.9%,42.9%,64.3%,66.7%,56.4%,41.2%,52.0%,50.0%,8.3%,33.3%,63.6%,-33
2014 Beijing F,W vs Berdych,35.6%,51.1%,50.0%,44.7%,37.5%,59.4%,50.0%,50.3%,30.8%,31.6%,0.0%,33.3%,33.3%,50.0%,37
2014 Beijing SF,W vs Murray,25.8%,29.0%,60.9%,30.5%,22.9%,25.7%,59.3%,31.1%,42.9%,64.3%,0.0%,29.6%,33.3%,63.2%,-79
2014 US Open SF,L vs Nishikori,38.4%,48.2%,41.5%,43.0%,53.0%,65.2%,58.1%,60.9%,50.0%,50.0%,33.3%,19.0%,26.2%,26.5%,53
2014 US Open QF,W vs Murray,27.6%,37.5%,47.7%,32.8%,32.0%,44.3%,50.0%,40.0%,50.0%,49.1%,30.0%,21.2%,26.9%,43.9%,3
2014 Canada R16,L vs Tsonga,24.5%,34.7%,38.9%,29.8%,29.0%,41.9%,40.9%,37.4%,62.5%,66.7%,100.0%,17.6%,23.5%,35.7%,5
2014 Wimbledon F,W vs Federer,32.2%,47.1%,57.4%,38.8%,40.7%,56.5%,54.7%,51.4%,44.4%,36.5%,0.0%,19.0%,33.3%,60.8%,-10
2014 Wimbledon SF,W vs Dimitrov,33.8%,45.5%,52.1%,40.1%,39.8%,50.5%,54.8%,48.6%,55.8%,40.0%,28.6%,20.0%,35.0%,46.9%,-7
2014 Wimbledon QF,W vs Cilic,38.6%,48.5%,50.0%,43.9%,50.0%,58.9%,46.7%,57.8%,41.7%,46.3%,66.7%,17.1%,31.4%,55.2%,40
2014 Wimbledon R64,W vs Stepanek,35.8%,48.0%,55.9%,42.9%,46.1%,60.8%,61.8%,56.4%,54.8%,48.3%,66.7%,13.6%,20.5%,47.4%,-13
2014 Roland Garros F,L vs Nadal,16.7%,27.0%,52.9%,25.6%,22.0%,37.8%,64.1%,35.7%,35.9%,48.8%,33.3%,7.1%,7.1%,35.9%,-45
2014 Roland Garros SF,W vs Gulbis,28.8%,41.4%,55.1%,37.8%,35.1%,54.1%,68.8%,48.6%,40.0%,41.0%,66.7%,16.7%,16.7%,33.3%,-38
2014 Rome F,W vs Nadal,22.2%,41.7%,55.4%,31.7%,31.1%,53.3%,58.1%,46.2%,25.0%,64.0%,-,7.4%,22.2%,52.0%,-79
2014 Rome SF,W vs Raonic,23.7%,36.0%,60.5%,30.5%,22.2%,37.0%,63.5%,31.9%,38.2%,53.2%,50.0%,28.1%,34.4%,52.2%,-33
2014 Monte Carlo SF,L vs Federer,23.7%,27.1%,47.7%,28.5%,25.0%,30.0%,46.7%,32.0%,31.6%,28.6%,0.0%,22.2%,22.2%,50.0%,1
2014 Miami F,W vs Nadal,32.7%,44.9%,66.7%,42.7%,33.3%,47.2%,75.0%,46.9%,38.9%,44.4%,0.0%,30.8%,38.5%,44.4%,-79
2014 Miami QF,W vs Murray,31.8%,43.9%,57.1%,38.2%,35.4%,47.9%,58.1%,44.2%,52.4%,44.4%,50.0%,26.7%,40.0%,54.5%,126
2014 Indian Wells F,W vs Federer,26.0%,37.5%,59.1%,32.7%,33.9%,46.8%,63.4%,44.2%,46.2%,41.7%,100.0%,13.8%,24.1%,52.0%,11
2014 Indian Wells SF,W vs Isner,33.7%,41.3%,52.5%,38.9%,39.7%,49.2%,57.9%,47.3%,54.2%,38.5%,50.0%,22.2%,25.9%,42.9%,25
2014 Dubai SF,L vs Federer,36.0%,43.0%,45.3%,41.2%,47.2%,54.7%,39.3%,55.5%,40.0%,50.0%,66.7%,19.4%,25.8%,52.0%,13
2014 Australian Open QF,L vs Wawrinka,28.5%,37.5%,55.9%,36.0%,34.3%,44.8%,56.5%,44.7%,49.0%,53.6%,40.0%,13.2%,18.4%,54.5%,-40
2014 Australian Open R64,W vs Mayer,52.2%,62.7%,60.0%,57.8%,57.8%,68.9%,52.6%,66.0%,73.7%,50.0%,-,45.0%,55.0%,72.7%,59
2013 Davis Cup RR,W vs Berdych,33.0%,44.3%,63.8%,40.9%,45.2%,58.1%,61.8%,56.5%,35.7%,61.8%,-,4.0%,12.0%,66.7%,-76
2013 Tour Finals F,W vs Nadal,25.9%,41.4%,58.1%,32.1%,39.5%,55.3%,47.8%,48.9%,59.1%,37.5%,100.0%,0.0%,15.0%,70.0%,-118
2013 Tour Finals SF,W vs Wawrinka,24.5%,30.6%,64.9%,30.0%,24.2%,33.3%,64.0%,32.4%,50.0%,52.6%,100.0%,25.0%,25.0%,66.7%,-79
2013 Tour Finals RR,W vs Gasquet,30.7%,39.6%,53.7%,36.1%,40.6%,48.4%,52.6%,49.2%,48.0%,51.3%,50.0%,14.7%,26.5%,55.2%,31
2013 Tour Finals RR,W vs Federer,27.7%,36.6%,50.0%,32.0%,39.3%,48.2%,52.9%,47.0%,40.9%,55.9%,66.7%,14.3%,23.8%,47.2%,-10
2013 Paris F,W vs Ferrer,20.3%,35.9%,63.3%,30.2%,27.8%,52.8%,69.2%,45.3%,72.7%,48.0%,33.3%,11.5%,15.4%,56.5%,0
2013 Paris SF,W vs Federer,35.9%,43.5%,50.0%,41.2%,40.0%,48.3%,52.8%,48.2%,55.6%,63.6%,33.3%,33.3%,40.7%,44.4%,158
2013 Paris QF,W vs Wawrinka,20.6%,31.7%,60.0%,27.5%,26.3%,39.5%,60.7%,37.6%,21.4%,45.8%,25.0%,12.0%,20.0%,59.1%,-79
2013 Paris R16,W vs Isner,45.2%,58.9%,66.7%,54.0%,53.8%,69.2%,75.0%,66.2%,52.4%,48.4%,-,25.0%,35.0%,53.3%,-7
2013 Shanghai F,W vs del Potro,29.4%,47.1%,60.0%,39.8%,33.3%,57.9%,68.4%,48.8%,38.5%,61.3%,100.0%,21.4%,25.0%,45.5%,-79
2013 Shanghai SF,W vs Tsonga,30.0%,38.3%,52.5%,34.3%,33.3%,43.6%,46.2%,40.0%,65.0%,42.1%,0.0%,26.3%,31.6%,64.3%,65
2013 Shanghai R32,W vs Granollers,31.1%,35.6%,58.6%,36.0%,46.2%,53.8%,64.3%,54.6%,50.0%,37.5%,0.0%,11.8%,11.8%,53.3%,-2
2013 Beijing F,W vs Nadal,28.3%,43.5%,84.4%,38.5%,33.3%,54.5%,86.4%,47.6%,45.5%,54.5%,-,16.7%,16.7%,80.0%,37
2013 US Open F,L vs Nadal,15.7%,25.5%,47.6%,22.1%,21.4%,31.4%,45.5%,30.7%,50.0%,34.2%,40.0%,3.3%,13.3%,51.7%,-84
2013 US Open SF,W vs Wawrinka,22.3%,28.8%,57.8%,27.6%,25.8%,31.2%,58.0%,33.7%,28.6%,35.3%,50.0%,17.5%,27.5%,57.6%,49
2013 US Open R128,W vs Berankis,45.2%,49.3%,44.7%,48.1%,59.2%,65.3%,35.0%,63.5%,45.5%,48.1%,33.3%,18.2%,18.2%,55.6%,-13
2013 Cincinnati R16,W vs Goffin,40.0%,45.7%,73.7%,43.4%,45.0%,45.0%,63.6%,51.0%,37.5%,41.7%,-,38.5%,53.8%,87.5%,123
2013 Canada SF,L vs Nadal,30.6%,41.8%,55.7%,35.9%,40.6%,53.1%,50.0%,48.8%,53.6%,36.1%,50.0%,14.8%,25.9%,65.2%,11
2013 Canada QF,W vs Gasquet,47.7%,56.8%,59.1%,53.6%,50.0%,61.8%,52.9%,57.6%,53.3%,57.9%,50.0%,44.4%,44.4%,80.0%,-79
2013 Canada R32,W vs Mayer,24.6%,45.6%,57.1%,33.5%,31.4%,57.1%,58.3%,46.0%,46.7%,55.0%,100.0%,14.3%,28.6%,55.6%,-10
2013 Wimbledon F,L vs Murray,15.2%,23.8%,45.2%,23.6%,17.9%,29.9%,49.1%,31.0%,47.1%,54.5%,71.4%,12.1%,15.2%,37.9%,1
2013 Wimbledon SF,W vs del Potro,31.1%,46.3%,56.7%,42.0%,40.3%,58.1%,70.3%,56.0%,28.0%,56.8%,100.0%,9.8%,19.6%,34.8%,-22
2013 Roland Garros SF,L vs Nadal,14.9%,25.1%,54.4%,24.1%,16.0%,29.8%,58.2%,28.4%,52.3%,39.4%,50.0%,11.9%,11.9%,43.2%,-10
2013 Monte Carlo F,W vs Nadal,11.1%,23.8%,56.6%,18.7%,17.9%,33.3%,53.1%,30.3%,57.9%,20.0%,50.0%,0.0%,9.5%,61.9%,-118
2013 Monte Carlo SF,W vs Fognini,32.5%,42.5%,70.4%,40.8%,35.7%,46.4%,72.2%,47.5%,58.3%,62.5%,-,25.0%,33.3%,66.7%,-79
2013 Miami R16,L vs Haas,20.6%,23.5%,41.5%,22.9%,20.0%,24.4%,38.9%,23.6%,45.5%,47.8%,75.0%,22.7%,22.7%,47.1%,-13
2013 Miami R32,W vs Devvarman,30.2%,45.3%,62.9%,37.7%,38.7%,64.5%,84.2%,51.6%,60.0%,56.3%,100.0%,20.0%,20.0%,37.5%,59
2013 Miami R64,W vs Rosol,51.1%,61.7%,43.5%,59.1%,43.3%,56.7%,41.2%,56.0%,53.3%,40.0%,-,64.7%,70.6%,50.0%,-79
2013 Indian Wells SF,L vs del Potro,17.5%,24.7%,51.3%,22.0%,28.8%,37.3%,47.6%,36.1%,64.0%,38.2%,57.1%,0.0%,5.6%,55.6%,-118
2013 Indian Wells R32,W vs Dimitrov,40.0%,54.5%,60.0%,48.0%,51.4%,62.2%,55.6%,63.2%,50.0%,38.1%,0.0%,20.0%,46.7%,66.7%,65
2013 Dubai F,W vs Berdych,29.9%,40.3%,57.8%,36.1%,40.4%,53.2%,67.9%,49.4%,40.9%,32.0%,0.0%,5.6%,11.1%,41.2%,-63
2013 Dubai SF,W vs del Potro,30.1%,43.8%,66.0%,41.2%,36.0%,54.0%,65.6%,52.2%,26.1%,44.4%,100.0%,18.2%,22.7%,66.7%,-13
2013 Dubai R16,W vs Bautista Agut,36.5%,46.2%,58.1%,41.5%,50.0%,61.8%,52.9%,57.6%,54.5%,65.2%,100.0%,12.5%,18.8%,64.3%,4
2013 Dubai R32,W vs Troicki,32.0%,44.0%,62.5%,39.4%,27.6%,44.8%,76.2%,40.3%,50.0%,52.9%,-,42.1%,47.4%,36.4%,65
2013 Australian Open F,W vs Murray,20.9%,34.3%,66.0%,28.4%,27.0%,42.7%,63.1%,38.2%,52.4%,51.1%,100.0%,9.5%,19.0%,71.1%,-20
2013 Australian Open SF,W vs Ferrer,41.2%,54.9%,76.7%,46.3%,54.5%,66.7%,80.0%,62.4%,50.0%,26.3%,-,16.7%,33.3%,73.3%,-79
2013 Australian Open QF,W vs Berdych,28.9%,44.3%,65.2%,38.8%,35.4%,53.8%,66.7%,50.2%,53.3%,40.0%,50.0%,17.2%,27.6%,62.5%,19
2013 Australian Open R16,W vs Wawrinka,25.6%,34.4%,55.4%,33.5%,31.0%,41.9%,58.4%,42.9%,52.5%,35.3%,16.7%,16.7%,21.7%,50.0%,37
2013 Australian Open R32,W vs Stepanek,25.9%,41.2%,72.6%,36.6%,33.9%,53.6%,78.4%,50.2%,37.0%,44.8%,100.0%,10.7%,17.9%,64.0%,-27
2013 Australian Open R128,W vs Mathieu,46.8%,59.7%,66.7%,52.2%,52.1%,64.6%,65.2%,60.8%,52.0%,39.1%,100.0%,40.7%,55.6%,68.8%,25
2012 Tour Finals F,W vs Federer,21.4%,33.7%,48.0%,27.0%,26.5%,42.6%,50.0%,34.6%,40.7%,41.5%,50.0%,10.7%,14.3%,44.0%,-8
2012 Tour Finals SF,W vs del Potro,27.1%,36.5%,55.7%,31.5%,40.0%,48.0%,70.0%,47.6%,40.9%,53.6%,66.7%,8.8%,20.6%,41.9%,-36
2012 Tour Finals RR,W vs Murray,18.1%,29.8%,62.3%,27.4%,24.6%,38.6%,72.1%,40.0%,40.7%,43.3%,60.0%,8.1%,16.2%,50.0%,-79
2012 Paris R32,L vs Querrey,32.6%,43.5%,47.3%,39.6%,45.3%,60.4%,58.6%,57.4%,50.0%,48.5%,33.3%,18.8%,25.0%,34.6%,51
2012 Shanghai F,W vs Murray,27.9%,37.5%,47.9%,33.3%,37.1%,53.2%,51.3%,46.1%,41.7%,23.7%,50.0%,15.8%,15.8%,43.8%,39
2012 Shanghai SF,W vs Berdych,41.1%,48.2%,60.0%,49.1%,47.6%,54.8%,68.2%,58.3%,42.1%,56.5%,100.0%,27.3%,36.4%,37.5%,118
2012 Shanghai R32,W vs Dimitrov,51.2%,68.3%,75.0%,60.0%,50.0%,68.8%,81.3%,61.2%,38.5%,52.6%,-,55.6%,66.7%,50.0%,-79
2012 Beijing F,W vs Tsonga,25.8%,36.4%,57.4%,34.1%,20.5%,33.3%,61.3%,34.6%,40.0%,63.2%,33.3%,36.0%,44.0%,50.0%,33
2012 US Open F,L vs Murray,16.4%,21.8%,47.3%,22.4%,22.3%,30.1%,48.8%,32.0%,41.2%,32.7%,80.0%,7.5%,9.4%,44.9%,-42
2012 US Open SF,W vs Ferrer,27.7%,36.6%,54.2%,32.0%,41.7%,50.0%,51.4%,48.8%,48.3%,48.4%,-,7.5%,17.5%,56.8%,-42
2012 US Open QF,W vs del Potro,26.1%,38.6%,63.5%,33.3%,38.0%,56.0%,74.2%,50.6%,47.6%,41.4%,50.0%,11.1%,16.7%,53.1%,-2
2012 Cincinnati F,L vs Federer,26.2%,34.4%,50.0%,29.7%,37.1%,45.7%,45.5%,43.1%,50.0%,42.1%,0.0%,14.3%,23.8%,55.6%,9
2012 Cincinnati SF,W vs del Potro,27.9%,31.1%,58.1%,30.5%,38.5%,43.6%,54.2%,42.6%,34.8%,68.8%,100.0%,13.6%,13.6%,63.2%,-13
2012 Canada F,W vs Gasquet,23.9%,32.6%,77.1%,31.3%,30.0%,36.7%,81.0%,41.3%,25.0%,42.9%,100.0%,12.5%,25.0%,71.4%,-79
2012 Canada SF,W vs Tipsarevic,24.2%,35.5%,65.9%,31.0%,39.4%,57.6%,85.0%,52.1%,35.7%,47.4%,33.3%,7.7%,11.5%,50.0%,-42
2012 London Olympics BR,L vs del Potro,41.0%,47.5%,50.0%,50.2%,44.4%,53.3%,52.0%,56.9%,54.5%,52.2%,0.0%,31.3%,31.3%,45.5%,-79
2012 London Olympics SF,L vs Murray,23.1%,40.0%,57.1%,32.8%,30.0%,52.5%,60.7%,45.8%,36.8%,33.3%,50.0%,12.5%,20.8%,52.4%,-19
2012 London Olympics QF,W vs Tsonga,38.6%,50.9%,54.3%,44.9%,39.5%,53.5%,65.4%,47.9%,27.8%,32.0%,50.0%,35.7%,42.9%,22.2%,-79
2012 London Olympics R16,W vs Hewitt,36.5%,51.8%,52.9%,45.8%,43.6%,63.6%,64.5%,58.0%,39.3%,40.7%,100.0%,25.9%,33.3%,35.0%,72
2012 London Olympics R32,W vs Roddick,46.5%,60.5%,56.5%,54.0%,62.1%,75.9%,63.6%,73.1%,54.5%,38.9%,-,14.3%,28.6%,50.0%,-79
2012 London Olympics R64,W vs Fognini,38.4%,50.0%,54.2%,43.3%,47.2%,58.5%,60.7%,55.1%,29.2%,55.2%,-,28.6%,42.9%,45.0%,-27
2012 Wimbledon SF,L vs Federer,31.3%,42.6%,51.9%,37.2%,36.5%,50.0%,55.3%,45.7%,37.8%,54.1%,66.7%,23.1%,30.8%,46.7%,-5
2012 Roland Garros F,L vs Nadal,13.0%,23.6%,49.5%,19.4%,18.4%,32.9%,50.0%,28.8%,56.4%,48.6%,60.0%,5.1%,10.3%,48.6%,-67
2012 Roland Garros SF,W vs Federer,24.2%,34.1%,55.2%,28.1%,30.6%,40.3%,60.5%,36.5%,50.0%,50.0%,100.0%,11.1%,22.2%,45.8%,-4
2012 Rome F,L vs Nadal,17.6%,25.7%,50.9%,24.2%,25.5%,36.2%,57.1%,36.0%,47.8%,29.2%,0.0%,4.3%,8.7%,40.9%,-77
2012 Rome SF,W vs Federer,22.7%,33.3%,64.0%,27.6%,26.3%,36.8%,75.0%,34.7%,22.2%,50.0%,100.0%,18.5%,29.6%,50.0%,-25
2012 Rome QF,W vs Tsonga,27.6%,44.8%,56.1%,36.7%,37.2%,53.5%,63.0%,49.5%,50.0%,52.2%,66.7%,0.0%,21.4%,42.9%,-118
2012 Madrid R32,W vs Gimeno Traver,46.2%,56.9%,61.3%,52.8%,55.0%,67.5%,72.2%,65.8%,47.4%,57.1%,100.0%,38.1%,47.6%,46.2%,163
2012 Monte Carlo F,L vs Nadal,4.2%,10.4%,43.5%,9.8%,0.0%,10.0%,40.0%,9.0%,66.7%,46.7%,50.0%,11.1%,11.1%,50.0%,-79
2012 Monte Carlo SF,W vs Berdych,24.7%,33.0%,55.2%,30.2%,29.5%,41.0%,53.5%,38.2%,58.6%,46.9%,40.0%,20.0%,23.3%,58.3%,65
2012 Monte Carlo R16,W vs Dolgopolov,37.3%,47.8%,55.0%,43.9%,41.7%,50.0%,60.7%,50.8%,65.2%,44.0%,100.0%,29.4%,47.1%,41.7%,80
2012 Monte Carlo R32,W vs Seppi,33.3%,44.4%,53.7%,39.2%,41.9%,53.5%,60.0%,50.5%,44.4%,52.0%,0.0%,15.8%,26.3%,43.8%,-3
2012 Miami F,W vs Murray,31.0%,45.1%,58.3%,38.0%,37.0%,58.7%,58.6%,47.8%,57.1%,52.0%,100.0%,20.8%,20.8%,57.9%,-19
2012 Miami SF,W vs Monaco,15.4%,23.1%,66.7%,20.6%,18.8%,25.0%,61.5%,29.4%,50.0%,66.7%,66.7%,13.8%,24.1%,72.0%,15
2012 Miami QF,W vs Ferrer,24.3%,31.4%,52.1%,32.1%,35.1%,48.6%,54.2%,50.0%,52.6%,55.6%,100.0%,14.3%,14.3%,50.0%,-27
2012 Indian Wells SF,L vs Isner,31.5%,42.3%,60.8%,38.3%,36.1%,48.6%,65.2%,46.5%,52.0%,44.7%,50.0%,24.3%,32.4%,53.6%,-1
2012 Indian Wells QF,W vs Almagro,41.5%,54.7%,58.1%,44.3%,64.5%,74.2%,36.4%,69.4%,61.1%,46.2%,-,9.1%,27.3%,70.0%,-79
2012 Dubai SF,L vs Murray,22.0%,34.0%,46.2%,30.4%,29.4%,47.1%,54.2%,41.8%,35.0%,50.0%,100.0%,6.3%,6.3%,33.3%,-79
2012 Australian Open F,W vs Nadal,22.3%,31.9%,57.3%,27.7%,28.3%,38.9%,54.3%,36.3%,50.0%,24.6%,25.0%,10.4%,18.8%,62.8%,-19
2012 Australian Open SF,W vs Murray,19.9%,25.7%,49.6%,24.2%,24.0%,33.7%,55.7%,31.2%,54.2%,41.1%,18.2%,14.8%,14.8%,40.4%,30
2012 Australian Open QF,W vs Ferrer,18.7%,30.8%,62.2%,24.1%,27.7%,38.3%,61.8%,38.1%,45.8%,39.1%,100.0%,9.1%,22.7%,62.5%,-79
2012 Australian Open R16,W vs Hewitt,30.4%,39.2%,54.4%,36.1%,39.7%,52.4%,55.3%,48.9%,46.7%,45.5%,100.0%,16.7%,19.4%,53.3%,37
2011 Tour Finals RR,L vs Ferrer,33.9%,37.3%,27.8%,36.6%,46.9%,53.1%,35.3%,51.9%,50.0%,37.5%,50.0%,20.8%,20.8%,21.1%,86
2011 Tour Finals RR,L vs Tipsarevic,28.4%,37.8%,52.9%,35.0%,39.6%,50.0%,58.6%,49.8%,37.5%,50.0%,0.0%,8.3%,16.7%,45.5%,-33
2011 US Open F,W vs Nadal,16.5%,27.6%,50.5%,25.1%,19.0%,32.1%,57.4%,32.0%,54.3%,32.7%,37.5%,11.9%,19.0%,37.8%,-44
2011 US Open SF,W vs Federer,29.3%,39.3%,63.4%,33.0%,37.8%,47.6%,72.5%,44.1%,58.1%,43.1%,0.0%,19.2%,30.8%,52.4%,72
2011 US Open R64,W vs Berlocq,25.0%,37.5%,54.8%,30.5%,32.4%,45.9%,52.0%,40.8%,57.9%,50.0%,100.0%,10.5%,21.1%,58.8%,-79
2011 Cincinnati F,L vs Murray,10.0%,22.0%,40.9%,18.6%,15.2%,30.3%,46.4%,28.2%,57.9%,57.1%,33.3%,0.0%,6.3%,31.3%,-118
2011 Cincinnati SF,W vs Berdych,36.7%,43.3%,62.5%,46.0%,40.0%,50.0%,66.7%,54.0%,58.3%,50.0%,100.0%,42.9%,42.9%,50.0%,212
2011 Canada F,W vs Fish,26.0%,34.4%,52.2%,29.9%,37.7%,45.9%,52.6%,43.8%,32.1%,66.7%,33.3%,6.1%,15.2%,51.6%,-55
2011 Canada SF,W vs Tsonga,30.8%,43.6%,66.7%,41.8%,32.1%,50.0%,68.4%,47.5%,46.2%,60.0%,-,27.3%,27.3%,62.5%,-79
2011 Wimbledon F,W vs Nadal,30.5%,40.0%,53.8%,37.4%,37.7%,47.8%,55.8%,47.1%,48.6%,38.2%,0.0%,12.0%,20.0%,50.0%,-21
2011 Wimbledon SF,W vs Tsonga,30.8%,45.0%,63.4%,38.4%,32.9%,46.8%,66.0%,44.4%,40.5%,52.4%,100.0%,27.5%,42.5%,58.6%,-42
2011 Roland Garros SF,L vs Federer,19.0%,29.2%,51.5%,25.8%,23.0%,33.6%,48.3%,33.1%,37.3%,50.0%,40.0%,11.3%,20.8%,57.4%,-24
2011 Rome F,W vs Nadal,8.2%,24.6%,60.0%,18.7%,11.1%,28.9%,62.5%,25.3%,73.7%,34.6%,100.0%,0.0%,13.3%,53.3%,-118
2011 Rome SF,W vs Murray,11.5%,15.6%,56.6%,17.3%,13.8%,20.0%,60.7%,22.5%,41.4%,61.1%,75.0%,6.9%,6.9%,48.1%,-47
2011 Madrid F,W vs Nadal,10.3%,24.1%,58.8%,20.9%,15.2%,30.3%,64.3%,33.6%,53.3%,50.0%,66.7%,4.2%,16.7%,52.2%,-74
2011 Madrid SF,W vs Bellucci,27.5%,36.3%,54.4%,32.8%,35.3%,47.1%,51.5%,43.5%,60.9%,39.3%,0.0%,14.3%,17.9%,58.3%,-27
2011 Madrid R32,W vs Anderson,23.6%,34.5%,70.3%,29.3%,30.6%,44.4%,76.0%,39.2%,56.3%,60.0%,100.0%,14.3%,21.4%,58.3%,19
2011 Belgrade F,W vs Lopez,20.5%,30.8%,64.8%,26.5%,24.4%,40.0%,73.5%,34.9%,45.0%,36.0%,0.0%,20.0%,24.0%,50.0%,59
2011 Miami F,W vs Nadal,18.9%,38.9%,61.0%,27.8%,20.4%,42.6%,58.1%,35.9%,56.5%,48.4%,50.0%,17.1%,34.1%,64.7%,-79
2011 Miami SF,W vs Fish,29.3%,43.1%,51.2%,36.4%,34.1%,51.2%,63.0%,44.1%,50.0%,52.2%,33.3%,17.6%,23.5%,28.6%,-79
2011 Indian Wells F,W vs Nadal,22.5%,39.3%,59.4%,31.8%,27.8%,51.9%,64.1%,43.1%,56.5%,51.6%,0.0%,16.7%,23.3%,52.0%,44
2011 Indian Wells SF,W vs Federer,27.1%,32.9%,48.3%,31.5%,31.6%,38.6%,46.2%,38.2%,28.6%,65.5%,100.0%,20.8%,25.0%,52.6%,78
2011 Indian Wells QF,W vs Gasquet,29.6%,38.9%,51.4%,34.6%,43.3%,53.3%,70.6%,52.3%,35.7%,62.5%,-,13.0%,21.7%,35.0%,-16
2011 Dubai F,W vs Federer,40.8%,49.0%,55.2%,44.9%,51.5%,63.6%,62.5%,57.6%,53.8%,50.0%,-,18.8%,18.8%,46.2%,-79
2011 Australian Open F,W vs Murray,20.0%,26.7%,58.3%,23.5%,26.9%,34.6%,55.3%,31.9%,56.5%,51.7%,33.3%,4.3%,8.7%,63.6%,-79
2011 Australian Open SF,W vs Federer,24.0%,33.6%,55.6%,31.4%,31.4%,43.0%,61.0%,42.1%,37.2%,32.6%,25.0%,11.4%,17.1%,45.2%,-8
2011 Australian Open QF,W vs Berdych,29.7%,37.4%,56.5%,37.7%,41.0%,49.2%,69.4%,53.0%,37.9%,43.8%,100.0%,7.1%,14.3%,38.5%,-42
2010 Tour Finals SF,L vs Federer,19.3%,24.6%,41.9%,25.1%,17.6%,26.5%,46.4%,27.4%,50.0%,38.9%,75.0%,25.0%,25.0%,33.3%,118
2010 Tour Finals RR,L vs Nadal,32.8%,39.3%,37.5%,37.4%,35.9%,41.0%,44.0%,43.1%,17.6%,22.7%,0.0%,28.6%,38.1%,26.7%,-10
2010 Tour Finals RR,W vs Berdych,27.8%,38.9%,63.2%,32.8%,35.3%,44.1%,63.6%,43.2%,38.9%,37.5%,-,15.8%,31.6%,62.5%,-3
2010 Tour Finals RR,W vs Roddick,35.3%,45.1%,60.6%,42.5%,35.5%,51.6%,60.0%,47.4%,41.7%,57.9%,-,35.0%,35.0%,61.5%,-79
2010 Basel F,L vs Federer,28.0%,36.6%,52.6%,31.2%,33.9%,41.1%,45.9%,38.6%,60.0%,51.6%,80.0%,16.7%,29.2%,65.0%,37
2010 Shanghai SF,L vs Federer,18.7%,34.7%,54.4%,25.6%,20.8%,37.5%,52.6%,31.7%,53.8%,40.9%,66.7%,17.4%,34.8%,57.9%,45
2010 Beijing F,W vs Ferrer,22.4%,32.7%,64.9%,32.4%,25.0%,40.6%,70.8%,40.3%,66.7%,52.9%,-,18.8%,18.8%,53.8%,10
2010 US Open F,L vs Nadal,13.3%,26.6%,53.3%,21.4%,17.7%,34.4%,57.0%,29.8%,44.0%,28.3%,33.3%,4.7%,11.6%,46.3%,-71
2010 US Open SF,W vs Federer,21.2%,35.1%,58.6%,27.8%,26.6%,41.5%,56.5%,37.2%,28.6%,42.3%,0.0%,13.0%,25.9%,61.7%,1
2010 US Open QF,W vs Monfils,12.0%,32.0%,61.9%,24.8%,12.2%,33.8%,64.6%,29.5%,48.6%,45.9%,42.9%,13.6%,31.8%,52.6%,9
2010 US Open R32,W vs Blake,36.2%,46.8%,52.6%,43.5%,40.3%,52.8%,48.8%,49.9%,35.5%,43.9%,0.0%,26.3%,31.6%,64.3%,-3
2010 Cincinnati QF,L vs Roddick,22.6%,37.1%,51.1%,32.1%,19.4%,38.9%,48.3%,35.8%,30.8%,52.2%,25.0%,30.4%,39.1%,56.3%,42
2010 Canada SF,L vs Federer,21.2%,28.0%,43.3%,24.8%,22.2%,28.4%,44.4%,27.5%,31.7%,40.0%,33.3%,20.6%,29.4%,40.7%,44
2010 Wimbledon SF,L vs Berdych,26.1%,38.6%,59.6%,33.2%,31.3%,46.9%,61.4%,40.9%,30.8%,50.0%,50.0%,18.8%,25.0%,53.8%,19
2010 Wimbledon R128,W vs Rochus,25.5%,38.0%,53.3%,31.6%,33.8%,50.0%,52.8%,44.1%,41.7%,34.1%,27.3%,17.8%,26.7%,54.1%,36
2010 Monte Carlo SF,L vs Verdasco,9.1%,21.2%,41.8%,14.5%,12.8%,28.2%,44.1%,22.1%,57.9%,50.0%,40.0%,4.5%,13.6%,38.1%,-77
2010 Dubai F,W vs Youzhny,16.8%,22.4%,55.8%,20.9%,25.5%,32.7%,61.0%,33.5%,40.0%,51.4%,40.0%,10.0%,15.0%,50.0%,-33
2010 Australian Open QF,L vs Tsonga,17.9%,28.3%,57.3%,25.0%,20.0%,31.0%,58.8%,30.3%,38.1%,60.3%,75.0%,16.7%,27.8%,53.3%,29
2009 Tour Finals RR,W vs Davydenko,25.0%,34.0%,52.1%,30.1%,33.3%,47.6%,50.0%,41.4%,50.0%,51.7%,0.0%,12.1%,12.1%,55.2%,1
2009 Tour Finals RR,W vs Nadal,16.4%,27.4%,62.1%,25.6%,15.8%,28.9%,71.9%,33.4%,46.2%,28.0%,0.0%,18.8%,28.1%,50.0%,51
2009 Tour Finals RR,L vs Soderling,33.8%,38.0%,37.0%,36.2%,40.5%,42.9%,32.0%,44.5%,33.3%,59.3%,100.0%,25.0%,32.1%,42.9%,-27
2009 Paris F,W vs Monfils,15.3%,32.7%,65.4%,28.6%,13.6%,34.8%,66.7%,33.3%,54.5%,42.4%,50.0%,22.2%,33.3%,61.9%,88
2009 Paris SF,W vs Nadal,26.0%,42.0%,72.7%,33.8%,41.4%,51.7%,70.6%,54.8%,33.3%,28.6%,-,5.9%,35.3%,75.0%,-66
2009 Basel F,W vs Federer,23.5%,29.6%,60.6%,28.6%,27.9%,34.4%,61.4%,36.1%,60.7%,45.5%,71.4%,21.4%,28.6%,59.1%,70
2009 Shanghai SF,L vs Davydenko,16.7%,24.2%,57.1%,21.0%,24.4%,34.6%,52.5%,31.0%,44.1%,45.5%,25.0%,2.5%,5.0%,64.1%,-92
2009 Beijing F,W vs Cilic,22.2%,29.2%,49.1%,28.2%,25.0%,35.4%,55.6%,34.0%,57.1%,51.9%,42.9%,17.4%,17.4%,36.8%,-16
2009 US Open SF,L vs Federer,28.7%,43.5%,51.3%,37.0%,32.1%,48.7%,52.8%,44.2%,38.9%,26.2%,20.0%,24.2%,36.4%,48.0%,85
2009 Cincinnati F,L vs Federer,22.2%,29.6%,38.7%,27.5%,25.9%,35.2%,47.5%,33.9%,43.5%,29.0%,55.6%,15.4%,19.2%,22.7%,-23
2009 Cincinnati SF,W vs Nadal,36.4%,47.3%,52.9%,46.4%,40.5%,54.1%,54.5%,55.4%,52.6%,27.8%,-,29.4%,35.3%,50.0%,5
2009 Wimbledon QF,L vs Haas,29.0%,41.1%,59.5%,35.7%,37.5%,55.6%,68.9%,49.0%,40.6%,67.5%,50.0%,18.8%,22.9%,48.7%,37
2009 Halle F,L vs Haas,18.6%,32.6%,55.2%,21.5%,27.7%,38.3%,50.0%,33.0%,50.0%,55.2%,33.3%,8.3%,27.8%,60.6%,-33
2009 Madrid SF,L vs Nadal,18.8%,33.0%,67.0%,25.3%,28.8%,45.5%,72.3%,39.8%,44.8%,43.2%,0.0%,4.7%,16.3%,61.0%,-70
2009 Belgrade F,W vs Kubot,31.9%,42.0%,53.3%,38.1%,39.1%,50.0%,50.0%,48.5%,60.0%,57.7%,40.0%,19.0%,28.6%,58.8%,53
2009 Rome F,L vs Nadal,12.1%,30.3%,50.0%,20.9%,12.8%,33.3%,52.9%,27.7%,42.9%,44.0%,100.0%,12.0%,28.0%,45.5%,4
2009 Rome SF,W vs Federer,12.0%,25.0%,58.5%,17.9%,19.2%,32.7%,57.1%,30.6%,60.9%,58.6%,20.0%,4.7%,18.6%,61.0%,-73
2009 Rome QF,W vs del Potro,25.0%,35.9%,57.8%,33.4%,26.8%,41.5%,53.3%,40.0%,22.2%,52.2%,-,25.0%,30.0%,66.7%,118
2009 Monte Carlo F,L vs Nadal,17.2%,25.3%,37.7%,23.4%,24.1%,35.2%,41.5%,34.1%,26.9%,17.9%,40.0%,6.7%,10.0%,32.1%,-51
2009 Monte Carlo SF,W vs Wawrinka,19.8%,28.4%,59.0%,24.9%,25.5%,38.3%,68.6%,34.5%,33.3%,51.7%,50.0%,12.9%,19.4%,48.1%,8
2009 Miami F,L vs Murray,19.2%,28.8%,40.7%,25.1%,25.0%,36.4%,39.4%,34.8%,40.9%,50.0%,80.0%,12.5%,20.8%,42.9%,-4
2009 Miami SF,W vs Federer,19.2%,26.0%,60.0%,22.7%,23.5%,31.4%,59.0%,28.6%,43.5%,39.3%,0.0%,11.1%,16.7%,62.5%,-18
2009 Davis Cup RR,L vs Ferrer,16.1%,28.6%,44.3%,26.2%,22.5%,40.8%,56.4%,38.5%,43.3%,61.0%,60.0%,5.7%,8.6%,24.2%,-64
2009 Davis Cup RR,L vs Nadal,14.6%,26.0%,46.2%,21.4%,21.4%,33.9%,50.0%,33.0%,46.2%,36.7%,25.0%,5.6%,16.7%,41.2%,-63
2009 Dubai F,W vs Ferrer,15.9%,30.2%,54.7%,26.8%,23.3%,44.2%,60.6%,39.3%,50.0%,47.8%,0.0%,0.0%,0.0%,45.0%,-118
2009 Australian Open QF,L vs Roddick,21.7%,28.7%,48.2%,28.0%,31.5%,39.7%,46.0%,41.4%,52.5%,45.5%,16.7%,5.4%,10.8%,51.4%,-66
2008 Masters Cup F,W vs Davydenko,21.8%,38.2%,67.5%,29.6%,29.4%,44.1%,62.5%,42.1%,55.6%,56.3%,0.0%,11.1%,33.3%,75.0%,-13
2008 Masters Cup SF,W vs Simon,28.3%,39.6%,53.3%,34.1%,37.3%,53.7%,57.1%,46.4%,52.9%,63.6%,33.3%,13.2%,15.8%,48.5%,-40
2008 Bangkok F,L vs Tsonga,24.3%,32.9%,50.0%,30.4%,32.5%,45.0%,55.6%,43.3%,37.5%,50.0%,0.0%,16.0%,20.0%,42.9%,-21
2008 US Open SF,L vs Federer,29.8%,42.7%,48.8%,38.3%,33.8%,52.5%,58.5%,46.9%,50.0%,50.0%,71.4%,25.6%,28.2%,31.0%,93
2008 Beijing Olympics BR,W vs Blake,46.0%,66.7%,66.7%,55.7%,47.9%,70.8%,72.0%,60.6%,52.4%,55.6%,100.0%,42.9%,57.1%,50.0%,22
2008 Beijing Olympics SF,L vs Nadal,30.6%,42.4%,51.9%,37.3%,40.7%,57.4%,53.1%,51.3%,58.3%,43.3%,66.7%,15.4%,19.2%,50.0%,24
2008 Beijing Olympics QF,W vs Monfils,21.0%,35.0%,53.8%,32.2%,24.6%,44.9%,59.6%,40.9%,51.6%,39.5%,60.0%,13.3%,13.3%,42.3%,-30
2008 Cincinnati F,L vs Murray,22.9%,29.2%,51.5%,27.5%,25.9%,33.3%,52.5%,34.1%,45.5%,53.1%,50.0%,22.2%,27.8%,50.0%,91
2008 Cincinnati SF,W vs Nadal,28.1%,43.9%,63.4%,38.8%,34.4%,50.0%,57.1%,53.4%,28.6%,50.0%,-,20.0%,36.0%,70.0%,-79
2008 Canada QF,L vs Murray,17.2%,25.0%,52.9%,23.1%,17.5%,27.5%,57.6%,27.0%,33.3%,59.1%,75.0%,18.2%,22.7%,44.4%,47
2008 Wimbledon R64,L vs Safin,37.1%,41.2%,43.1%,39.3%,50.0%,54.8%,48.4%,53.4%,44.0%,56.8%,80.0%,20.0%,24.0%,35.0%,39
2008 Queen's Club F,L vs Nadal,26.7%,35.6%,42.4%,35.2%,29.0%,39.1%,44.9%,40.1%,38.7%,36.8%,28.6%,19.0%,23.8%,35.3%,-79
2008 Roland Garros SF,L vs Nadal,15.0%,36.0%,51.2%,24.2%,16.7%,46.3%,48.9%,33.7%,47.8%,22.6%,12.5%,13.3%,24.4%,53.8%,-46
2008 Hamburg SF,L vs Nadal,12.9%,26.9%,46.9%,21.8%,16.7%,38.3%,50.0%,30.5%,48.4%,48.3%,50.0%,6.1%,6.1%,41.9%,-79
2008 Rome F,W vs Wawrinka,28.2%,38.0%,70.0%,37.5%,35.4%,47.9%,74.2%,49.2%,47.8%,72.0%,0.0%,13.6%,18.2%,63.2%,-13
2008 Rome SF,W vs Stepanek,26.3%,42.1%,78.6%,43.7%,23.1%,46.2%,80.0%,48.5%,33.3%,42.9%,-,33.3%,33.3%,75.0%,-79
2008 Monte Carlo SF,L vs Federer,11.3%,19.4%,48.1%,19.4%,8.1%,18.9%,55.9%,21.6%,47.4%,61.1%,50.0%,18.2%,22.7%,33.3%,58
2008 Monte Carlo R16,W vs Murray,17.8%,31.1%,62.2%,25.1%,30.0%,45.0%,57.1%,46.5%,27.3%,55.6%,50.0%,8.0%,20.0%,65.2%,-79
2008 Indian Wells F,W vs Fish,32.1%,38.1%,48.2%,35.4%,44.2%,50.0%,41.4%,49.4%,63.0%,68.0%,100.0%,12.9%,19.4%,55.6%,-32
2008 Indian Wells SF,W vs Nadal,36.0%,48.0%,56.3%,40.2%,51.6%,61.3%,60.0%,58.4%,50.0%,46.7%,0.0%,10.5%,26.3%,52.9%,-79
2008 Dubai QF,W vs Andreev,28.9%,42.1%,69.2%,38.9%,25.0%,41.7%,72.2%,40.8%,50.0%,50.0%,-,38.5%,46.2%,62.5%,29
2008 Australian Open F,W vs Tsonga,28.7%,37.7%,61.2%,36.4%,35.3%,47.1%,65.9%,49.1%,51.6%,51.4%,25.0%,21.2%,26.9%,56.1%,-23
2008 Australian Open SF,W vs Federer,31.9%,44.2%,52.3%,37.9%,47.9%,61.6%,55.3%,57.3%,57.6%,50.0%,83.3%,3.6%,17.9%,48.1%,-86
2008 Australian Open R128,W vs Becker,35.4%,43.0%,57.4%,41.5%,44.2%,55.8%,69.0%,53.5%,52.2%,58.6%,100.0%,21.7%,21.7%,38.9%,86
2007 Masters Cup RR,L vs Nadal,29.0%,36.2%,42.9%,37.0%,31.8%,43.2%,43.3%,44.3%,52.2%,42.9%,0.0%,24.0%,24.0%,42.1%,-79
2007 Masters Cup RR,L vs Gasquet,12.8%,23.4%,38.5%,15.3%,25.0%,25.0%,33.3%,30.0%,50.0%,30.0%,50.0%,0.0%,23.8%,42.9%,-118
2007 Madrid SF,L vs Nalbandian,37.0%,46.9%,43.5%,43.6%,44.9%,59.2%,51.9%,55.7%,65.2%,50.0%,100.0%,29.6%,33.3%,31.6%,157
2007 Vienna F,W vs Wawrinka,26.1%,43.5%,67.6%,38.7%,25.0%,50.0%,70.8%,43.1%,22.2%,56.5%,0.0%,28.6%,28.6%,60.0%,-79
2007 US Open F,L vs Federer,28.4%,41.4%,53.9%,34.3%,38.7%,54.8%,52.6%,49.7%,33.3%,57.1%,100.0%,19.1%,29.8%,55.3%,65
2007 US Open SF,W vs Ferrer,28.6%,36.3%,54.8%,33.8%,32.8%,42.6%,51.2%,40.7%,31.0%,43.8%,50.0%,22.2%,25.9%,61.9%,72
2007 Canada F,W vs Federer,32.3%,41.7%,51.6%,37.4%,40.3%,48.4%,51.4%,48.2%,44.4%,57.1%,0.0%,19.4%,32.3%,52.0%,55
2007 Canada SF,W vs Nadal,42.3%,53.5%,56.4%,48.3%,50.0%,60.9%,60.9%,59.3%,57.1%,32.0%,40.0%,30.4%,43.5%,50.0%,42
2007 Wimbledon SF,L vs Nadal,15.5%,20.7%,29.2%,18.3%,40.0%,50.0%,33.3%,48.0%,81.8%,22.2%,0.0%,7.7%,15.4%,25.0%,-39
2007 Wimbledon R16,W vs Hewitt,26.4%,37.9%,53.5%,35.1%,35.8%,50.8%,58.4%,48.3%,44.4%,65.2%,66.7%,7.5%,12.5%,43.2%,-45
2007 Roland Garros SF,L vs Nadal,14.7%,29.5%,43.8%,26.5%,16.2%,36.8%,49.1%,32.6%,65.7%,33.3%,25.0%,11.5%,11.5%,30.4%,-23
2007 Rome QF,L vs Nadal,11.9%,23.9%,43.1%,19.9%,14.6%,29.2%,48.8%,25.6%,61.5%,45.5%,28.6%,5.6%,11.1%,29.4%,-60
2007 Estoril F,W vs Gasquet,8.6%,22.6%,50.7%,15.8%,13.2%,34.0%,54.3%,25.8%,39.1%,66.7%,75.0%,3.6%,10.7%,44.4%,-84
2007 Miami F,W vs Canas,20.8%,33.3%,62.7%,28.0%,26.6%,40.6%,57.4%,37.3%,40.7%,51.4%,33.3%,9.7%,19.4%,71.4%,-32
2007 Miami SF,W vs Murray,23.8%,23.8%,66.7%,29.5%,25.0%,25.0%,61.9%,33.6%,69.2%,66.7%,0.0%,25.0%,25.0%,77.8%,118
2007 Miami QF,W vs Nadal,26.2%,32.3%,56.3%,32.2%,33.3%,40.0%,46.7%,42.0%,52.2%,50.0%,50.0%,10.0%,15.0%,72.2%,-79
2007 Indian Wells F,L vs Nadal,23.5%,31.4%,51.4%,28.8%,38.5%,50.0%,62.5%,48.8%,33.3%,50.0%,0.0%,8.7%,13.0%,42.9%,-30
2007 Indian Wells SF,W vs Murray,35.7%,45.2%,59.3%,41.9%,41.7%,58.3%,71.4%,52.5%,20.0%,50.0%,100.0%,27.8%,27.8%,46.2%,-79
2007 Dubai QF,L vs Federer,29.6%,37.8%,46.9%,34.5%,39.3%,49.2%,45.9%,47.2%,54.2%,67.6%,60.0%,15.6%,21.9%,48.1%,35
2007 Australian Open R16,L vs Federer,24.8%,30.7%,41.9%,27.3%,29.9%,35.8%,40.4%,33.7%,64.3%,46.2%,20.0%,15.6%,21.9%,44.4%,10
2007 Australian Open R128,W vs Massu,40.7%,54.2%,58.8%,51.9%,45.0%,60.0%,68.2%,61.5%,66.7%,54.5%,0.0%,33.3%,44.4%,41.7%,1
2007 Adelaide F,W vs Guccione,29.1%,42.7%,52.1%,34.7%,34.8%,52.2%,55.6%,44.3%,57.6%,33.3%,0.0%,26.3%,36.8%,46.4%,127
2006 Madrid R16,W vs Murray,22.2%,28.9%,54.5%,27.6%,32.0%,44.0%,61.8%,41.6%,33.3%,51.7%,50.0%,11.1%,11.1%,46.9%,-5
2006 Metz F,W vs Melzer,34.1%,45.5%,47.4%,40.7%,41.7%,55.0%,51.4%,51.3%,40.7%,42.4%,100.0%,18.5%,25.9%,40.9%,-25
2006 Davis Cup RR,L vs Federer,21.6%,28.9%,39.7%,27.9%,23.5%,30.9%,42.3%,32.5%,50.0%,63.2%,60.0%,19.2%,26.9%,33.3%,29
2006 Amersfoort F,W vs Massu,32.4%,38.2%,47.6%,36.2%,44.4%,55.6%,55.0%,51.7%,26.7%,42.9%,-,24.1%,24.1%,40.9%,63
2006 Roland Garros QF,L vs Nadal,7.7%,21.5%,49.0%,17.5%,11.9%,31.0%,54.1%,27.1%,50.0%,27.3%,0.0%,0.0%,8.3%,33.3%,-118
2006 Monte Carlo R64,L vs Federer,14.9%,28.7%,53.9%,23.0%,13.3%,26.7%,51.9%,26.0%,40.0%,65.7%,100.0%,20.0%,36.7%,58.3%,76
2006 Miami R64,L vs Coria,17.1%,28.0%,40.3%,23.0%,20.0%,31.1%,44.4%,30.9%,30.8%,68.4%,75.0%,16.1%,29.0%,34.6%,31
2005 US Open R128,W vs Monfils,19.0%,34.6%,54.3%,30.1%,21.0%,41.2%,59.6%,37.6%,37.3%,41.2%,100.0%,16.4%,23.6%,43.5%,47
2005 Australian Open R128,L vs Safin,9.1%,12.1%,27.3%,11.5%,15.4%,20.5%,30.3%,19.5%,35.0%,52.6%,75.0%,0.0%,0.0%,22.7%,-118
